ID,IUPACName,SMILES,CoreSMILES,State,InChIKey,E0(VvsSHE),G_solv
1,"1,2,3,4,5,6,7,8-octahydroxyanthracene-9,10-dione",O=C1c2c(O)c(O)c(O)c(O)c2C(=O)c2c(O)c(O)c(O)c(O)c21,O=C1c2ccccc2C(=O)c2ccccc21,Oxidized,KOWBNNJAGJIIJW-UHFFFAOYSA-N,-0.81,-92.83
2,,O=C1C(O)=C(O)C(O)=C2C(=O)C3C(=C(O)C(O)=C(O)C3O)C(O)C12,,,BBRQGRPAXIEVRZ-UHFFFAOYSA-N,-0.75,-103.41
3,,O=C1C(O)=C(O)C(O)=C2C(O)C3C(=O)C(O)=C(O)C(O)=C3C(O)C12,,,IOTSYUCWJZMNPE-UHFFFAOYSA-N,-0.75,-103.53
4,"1,2,3,4,5,6,7,8-octahydroxyanthracene-9,10-dione",O=C1c2c(O)c(O)c(O)c(O)c2C(=O)c2c(O)c(O)c(O)c(O)c21,O=C1c2ccccc2C(=O)c2ccccc21,Oxidized,KOWBNNJAGJIIJW-UHFFFAOYSA-N,-0.74,-92.67
5,"1,2,3,4,5,6,7,8-octahydroxyanthracene-9,10-dione",O=C1c2c(O)c(O)c(O)c(O)c2C(=O)c2c(O)c(O)c(O)c(O)c21,O=C1c2ccccc2C(=O)c2ccccc21,Oxidized,KOWBNNJAGJIIJW-UHFFFAOYSA-N,-0.69,-92.66
6,"1,2,3,4,5,6,7,8-octaaminoanthracene-9,10-dione",Nc1c(N)c(N)c2c(c1N)C(=O)c1c(N)c(N)c(N)c(N)c1C2=O,O=C1c2ccccc2C(=O)c2ccccc21,Oxidized,LAVJTJBXKPEYEV-UHFFFAOYSA-N,-0.51,-127.84
7,,NC1=C(N)C(=O)c2c(c(N)c3c(N)c(N)c(N)c(N)c3c2N)C1=O,O=C1C=CC(=O)c2cc3ccccc3cc21,Oxidized,RBIKRLOEDNGLLA-UHFFFAOYSA-N,-0.39,-125.38
8,,NC1=C(N)C(N)=C2C(=O)c3c(N)c(N)c(N)c(N)c3C(N)=C2C1=O,O=C1C=CC=C2C(=O)c3ccccc3C=C12,Oxidized,IZHUFMJVZUCEHV-UHFFFAOYSA-N,-0.37,-126.65
9,,NC1=C(N)C2=C(N)c3c(N)c(N)c(N)c(N)c3C(=O)C2=C(N)C1=O,O=C1C=CC2=Cc3ccccc3C(=O)C2=C1,Oxidized,PNTBXZJFBAZQDG-UHFFFAOYSA-N,-0.35,-127.01
10,,NC1=C(N)C(N)=c2c(N)c3c(c(N)c2C1=O)=C(N)C(N)=C(N)C3=O,O=C1C=CC=c2cc3c(cc21)=CC=CC3=O,Oxidized,BAELXLCDGWSLTK-UHFFFAOYSA-N,-0.34,-131.98
11,,NC1=C(N)c2c(N)c3c(c(N)c2=C(N)C1=O)C(N)=C(N)C(=O)C=3N,O=C1C=Cc2cc3c(cc2=C1)C=CC(=O)C=3,Oxidized,REZGKOSQKFSOBF-UHFFFAOYSA-N,-0.32,-126.9
12,,NC1=C(N)C(N)=c2c(N)c3c(c(N)c2C1=O)=C(N)C(=O)C(N)=C3N,O=C1C=Cc2cc3c(cc2=C1)C(=O)C=CC=3,Oxidized,GNVXVJMECPDWOK-UHFFFAOYSA-N,-0.3,-129.44
13,,O=C1c2c(S)c(S)c(S)c(S)c2C(=O)c2c(S)c(S)c(S)c(S)c21,O=C1c2ccccc2C(=O)c2ccccc21,Oxidized,XGPFRWGYKMRMPT-UHFFFAOYSA-N,-0.3,-12.62
14,"1,2,3,4,5,6,7,8-octahydroxyanthracene-9,10-dione",O=C1c2c(O)c(O)c(O)c(O)c2C(=O)c2c(O)c(O)c(O)c(O)c21,O=C1c2ccccc2C(=O)c2ccccc21,Oxidized,KOWBNNJAGJIIJW-UHFFFAOYSA-N,-0.29,-64.95
15,"3,4,5,6,7,8-hexahydroxynaphthalene-1,2-dione",O=C1C(=O)c2c(O)c(O)c(O)c(O)c2C(O)=C1O,O=C1C=Cc2ccccc2C1=O,Oxidized,FJSQLIDCSDJZFC-UHFFFAOYSA-N,-0.29,-107.1
16,,O=CC1=C(C=O)C(C=O)=c2c(C=O)c3c(c(C=O)c2C1=O)=C(C=O)C(C=O)=C(C=O)C3=O,O=C1C=CC=c2cc3c(cc21)=CC=CC3=O,Oxidized,KOQNBLNVURTNDT-UHFFFAOYSA-N,-0.28,-70.39
17,,NC1=C(N)C(N)=C2C(=O)C(N)=C(N)C(N)=C2C1=O,O=C1C=CC=C2C(=O)C=CC=C12,Oxidized,YBUSADFGMQMVSB-UHFFFAOYSA-N,-0.26,-106.22
18,"2,3,5,6,7,8-hexaaminonaphthalene-1,4-dione",NC1=C(N)C(=O)c2c(N)c(N)c(N)c(N)c2C1=O,O=C1C=CC(=O)c2ccccc21,Oxidized,JMHRGXJQFFWBDY-UHFFFAOYSA-N,-0.22,-105.6
19,,O=C1C(S)=C(S)C(S)=C2C(=O)c3c(S)c(S)c(S)c(S)c3C(S)=C12,O=C1C=CC=C2C(=O)c3ccccc3C=C12,Oxidized,QLSMNLGZAWZGGG-UHFFFAOYSA-N,-0.21,-15.64
20,,O=C1C(S)=C(S)C(=O)c2c1c(S)c1c(S)c(S)c(S)c(S)c1c2S,O=C1C=CC(=O)c2cc3ccccc3cc21,Oxidized,PYDABBLGMBPBAG-UHFFFAOYSA-N,-0.2,-7.56
21,,O=C1C(S)=C(S)C(S)=C2C(=O)C(S)=C(S)C(S)=C12,O=C1C=CC=C2C(=O)C=CC=C12,Oxidized,ZBABQQITYXFPPO-UHFFFAOYSA-N,-0.2,-13.57
22,,NC1=C(N)C2=C(N)C(=O)C(N)=C(N)C2=C(N)C1=O,O=C1C=CC2=CC(=O)C=CC2=C1,Oxidized,NRNUTNWLRJMXDG-UHFFFAOYSA-N,-0.18,-100.88
23,,O=C1c2c([SiH3])c([SiH3])c([SiH3])c([SiH3])c2C(=O)c2c([SiH3])c([SiH3])c([SiH3])c([SiH3])c21,O=C1c2ccccc2C(=O)c2ccccc21,Oxidized,HXKSGVRWOMOXAA-UHFFFAOYSA-N,-0.17,14.03
24,"1,2,3,4,5,6,7,8-octamethylanthracene-9,10-dione",Cc1c(C)c(C)c2c(c1C)C(=O)c1c(C)c(C)c(C)c(C)c1C2=O,O=C1c2ccccc2C(=O)c2ccccc21,Oxidized,XHXSXTIIDBZEKB-UHFFFAOYSA-N,-0.17,-23.52
25,,O=C1C(S)=C(S)C(S)=c2c(S)c3c(c(S)c21)=C(S)C(S)=C(S)C3=O,O=C1C=CC=c2cc3c(cc21)=CC=CC3=O,Oxidized,UVFPITSKPNVSLU-UHFFFAOYSA-N,-0.16,-19.99
26,,O=C1C(S)=C(S)C(=O)c2c(S)c(S)c(S)c(S)c21,O=C1C=CC(=O)c2ccccc21,Oxidized,ZYYGCNRVTDYNNA-UHFFFAOYSA-N,-0.14,-17.02
27,,NC1=C(N)C(N)=C2C(N)=C(N)C(=O)C(N)=C2C1=O,O=C1C=CC2=CC=CC(=O)C2=C1,Oxidized,ZOWLHRDAYZKRBD-UHFFFAOYSA-N,-0.09,-104.51
28,,O=C1C2=C(P(=O)(O)O)c3c(c(P(=O)(O)O)c(P(=O)(O)O)c(P(=O)(O)O)c3P(=O)(O)O)C(=O)C2=C(P(=O)(O)O)C(P(=O)(O)O)=C1P(=O)(O)O,O=C1C=CC=C2C(=O)c3ccccc3C=C12,Oxidized,KNTSANBEGOBMHZ-UHFFFAOYSA-N,-0.08,-306.07
29,"1,2,3,4,5,6,7,8-octahydroxyanthracene-9,10-dione",O=C1c2c(O)c(O)c(O)c(O)c2C(=O)c2c(O)c(O)c(O)c(O)c21,O=C1c2ccccc2C(=O)c2ccccc21,Oxidized,KOWBNNJAGJIIJW-UHFFFAOYSA-N,-0.08,-145.4
30,,CN(C)C1=C(N(C)C)c2c(N(C)C)c3c(c(N(C)C)c2=C(N(C)C)C1=O)C(N(C)C)=C(N(C)C)C(=O)C=3N(C)C,O=C1C=Cc2cc3c(cc2=C1)C=CC(=O)C=3,Oxidized,AYSQTWDIYADCLQ-UHFFFAOYSA-N,-0.07,-77.85
31,"1,2,3,4,5,6,7,8-octahydroxyanthracene-9,10-dione",O=C1c2c(O)c(O)c(O)c(O)c2C(=O)c2c(O)c(O)c(O)c(O)c21,O=C1c2ccccc2C(=O)c2ccccc21,Oxidized,KOWBNNJAGJIIJW-UHFFFAOYSA-N,-0.07,-66.29
32,,CN(C)C1=C(N(C)C)C(N(C)C)=c2c(c(N(C)C)c3c(c2N(C)C)C(N(C)C)=C(N(C)C)C(=O)C=3N(C)C)C1=O,O=C1C=Cc2cc3c(cc2=C1)C(=O)C=CC=3,Oxidized,YHBZSITZRHUDBF-UHFFFAOYSA-N,-0.07,-110.54
33,"1-hydroxyanthracene-9,10-dione",O=C1c2ccccc2C(=O)c2c(O)cccc21,O=C1c2ccccc2C(=O)c2ccccc21,Oxidized,BTLXPCBPYBNQNR-UHFFFAOYSA-N,-0.06,-24.99
34,"1-hydroxyanthracene-9,10-dione",O=C1c2ccccc2C(=O)c2c(O)cccc21,O=C1c2ccccc2C(=O)c2ccccc21,Oxidized,BTLXPCBPYBNQNR-UHFFFAOYSA-N,-0.06,-24.97
35,,O=C1C(=O)C(S)=c2c(S)c3c(S)c(S)c(S)c(S)c3c(S)c2=C1S,O=C1C=c2cc3ccccc3cc2=CC1=O,Oxidized,KFWLPROLFBWTHQ-UHFFFAOYSA-N,-0.04,-16.95
36,"1-aminoanthracene-9,10-dione",Nc1cccc2c1C(=O)c1ccccc1C2=O,O=C1c2ccccc2C(=O)c2ccccc21,Oxidized,KHUFHLFHOQVFGB-UHFFFAOYSA-N,-0.03,-151.92
37,"1,2,3,4,5,6,7,8-octahydroxyanthracene-9,10-dione",O=C1c2c(O)c(O)c(O)c(O)c2C(=O)c2c(O)c(O)c(O)c(O)c21,O=C1c2ccccc2C(=O)c2ccccc21,Oxidized,KOWBNNJAGJIIJW-UHFFFAOYSA-N,-0.03,-32.43
38,"3,4,5,6,7,8-hexahydroxynaphthalene-1,2-dione",O=C1C(=O)c2c(O)c(O)c(O)c(O)c2C(O)=C1O,O=C1C=Cc2ccccc2C1=O,Oxidized,FJSQLIDCSDJZFC-UHFFFAOYSA-N,-0.02,-106.88
39,"3,4,5,6,7,8-hexahydroxynaphthalene-1,2-dione",O=C1C(=O)c2c(O)c(O)c(O)c(O)c2C(O)=C1O,O=C1C=Cc2ccccc2C1=O,Oxidized,FJSQLIDCSDJZFC-UHFFFAOYSA-N,-0.01,-40.63
40,,CN(C)C1=C(N(C)C)C(=O)c2c(c(N(C)C)c3c(N(C)C)c(N(C)C)c(N(C)C)c(N(C)C)c3c2N(C)C)C1=O,O=C1C=CC(=O)c2cc3ccccc3cc21,Oxidized,QVWQBFYMHGONOI-UHFFFAOYSA-N,-0.01,-81.74
41,,CN(C)C1=C2C(=O)c3c(c(N(C)C)c(N(C)C)c(N(C)C)c3N(C)C)C(N(C)C)=C2C(N(C)C)=C(N(C)C)C1=O,O=C1C=CC2=Cc3ccccc3C(=O)C2=C1,Oxidized,IZIIYGZDYQZLTC-UHFFFAOYSA-N,0.0,-55.34
42,"2-(dimethylamino)anthracene-9,10-dione",CN(C)c1ccc2c(c1)C(=O)c1ccccc1C2=O,O=C1c2ccccc2C(=O)c2ccccc21,Oxidized,GEJKTZQVPRSZAN-UHFFFAOYSA-N,0.01,-21.18
43,,O=C1C(S)=C(S)c2c(S)c3c(c(S)c2=C1S)C(S)=C(S)C(=O)C=3S,O=C1C=Cc2cc3c(cc2=C1)C=CC(=O)C=3,Oxidized,SNGVALIBFOZYHU-UHFFFAOYSA-N,0.01,-11.45
44,,O=C1C(S)=C(S)C2=C(S)C(=O)C(S)=C(S)C2=C1S,O=C1C=CC2=CC(=O)C=CC2=C1,Oxidized,VLWCNPSFGJKPFQ-UHFFFAOYSA-N,0.01,-41.86
45,"2-methoxyanthracene-9,10-dione",COc1ccc2c(c1)C(=O)c1ccccc1C2=O,O=C1c2ccccc2C(=O)c2ccccc21,Oxidized,APLQXUAECQNQFE-UHFFFAOYSA-N,0.02,-151.34
46,,NC1=C(N)c2c(c(N)c3c(N)c(N)c(N)c(N)c3c2N)C(=O)C1=O,O=C1C=Cc2cc3ccccc3cc2C1=O,Oxidized,LBNMMMOYNQDFGD-UHFFFAOYSA-N,0.02,-21.19
47,"2,3,5,6-tetraaminocyclohexa-2,5-diene-1,4-dione",NC1=C(N)C(=O)C(N)=C(N)C1=O,O=C1C=CC(=O)C=C1,Oxidized,DNHCPEFCQYRQQN-UHFFFAOYSA-N,0.03,-70.68
48,"(9,10-dioxoanthracen-1-yl)phosphonic acid",O=C1c2ccccc2C(=O)c2c1cccc2P(=O)(O)O,O=C1c2ccccc2C(=O)c2ccccc21,Oxidized,NNRUIHHKOIYTEO-UHFFFAOYSA-N,0.03,-206.5
49,,O=C1C(P(=O)(O)O)=C2C(=O)c3c(c(P(=O)(O)O)c(P(=O)(O)O)c(P(=O)(O)O)c3P(=O)(O)O)C(P(=O)(O)O)=C2C(P(=O)(O)O)=C1P(=O)(O)O,O=C1C=CC2=Cc3ccccc3C(=O)C2=C1,Oxidized,PGHMVTJSMQVZLO-UHFFFAOYSA-N,0.03,-67.02
50,"3,4,5,6,7,8-hexahydroxynaphthalene-1,2-dione",O=C1C(=O)c2c(O)c(O)c(O)c(O)c2C(O)=C1O,O=C1C=Cc2ccccc2C1=O,Oxidized,FJSQLIDCSDJZFC-UHFFFAOYSA-N,0.04,-47.79
51,"9,10-dioxoanthracene-1-sulfonic acid",O=C1c2ccccc2C(=O)c2c1cccc2S(=O)(=O)O,O=C1c2ccccc2C(=O)c2ccccc21,Oxidized,JAJIPIAHCFBEPI-UHFFFAOYSA-N,0.04,-39.5
52,,O=C1c2ccccc2C(=O)c2c([SiH3])cccc21,O=C1c2ccccc2C(=O)c2ccccc21,Oxidized,QJQIGOHZYKNTJD-UHFFFAOYSA-N,0.04,-100.13
53,"2-aminoanthracene-9,10-dione",Nc1ccc2c(c1)C(=O)c1ccccc1C2=O,O=C1c2ccccc2C(=O)c2ccccc21,Oxidized,XOGPDSATLSAZEK-UHFFFAOYSA-N,0.04,-14.3
54,,O=C1C([SiH3])=C([SiH3])C(=O)c2c1c([SiH3])c1c([SiH3])c([SiH3])c([SiH3])c([SiH3])c1c2[SiH3],O=C1C=CC(=O)c2cc3ccccc3cc21,Oxidized,RXIAURUZZRATQE-UHFFFAOYSA-N,0.05,-33.42
55,,NC1=C2C(=O)c3ccccc3C=C2C=CC1=O,O=C1C=CC2=Cc3ccccc3C(=O)C2=C1,Oxidized,WXGJAAJWMAVYTN-UHFFFAOYSA-N,0.05,5.07
56,4-hydroxy-10-sulfanylideneanthracen-9-one,O=C1c2ccccc2C(=S)c2c(O)cccc21,,,FPWKEPIPHCHLQE-UHFFFAOYSA-N,0.06,-18.42
57,"2-hydroxyanthracene-9,10-dione",O=C1c2ccccc2C(=O)c2cc(O)ccc21,O=C1c2ccccc2C(=O)c2ccccc21,Oxidized,GCDBEYOJCZLKMC-UHFFFAOYSA-N,0.07,-13.91
58,"1-methylanthracene-9,10-dione",Cc1cccc2c1C(=O)c1ccccc1C2=O,O=C1c2ccccc2C(=O)c2ccccc21,Oxidized,RBGUKBSLNOTVCD-UHFFFAOYSA-N,0.07,-17.46
59,,CC1=C(C)C(=O)c2c(c(C)c3c(C)c(C)c(C)c(C)c3c2C)C1=O,O=C1C=CC(=O)c2cc3ccccc3cc21,Oxidized,WRSSBEBKLHPOTP-UHFFFAOYSA-N,0.07,-43.85
60,"1-sulfanylanthracene-9,10-dione",O=C1c2ccccc2C(=O)c2c(S)cccc21,O=C1c2ccccc2C(=O)c2ccccc21,Oxidized,YHCIQYSVFONICB-UHFFFAOYSA-N,0.07,-19.38
61,"2-sulfanylanthracene-9,10-dione",O=C1c2ccccc2C(=O)c2cc(S)ccc21,O=C1c2ccccc2C(=O)c2ccccc21,Oxidized,WUWVLTIKBWZFTM-UHFFFAOYSA-N,0.08,-24.23
62,"2-aminoanthracene-1,4-dione",NC1=CC(=O)c2cc3ccccc3cc2C1=O,O=C1C=CC(=O)c2cc3ccccc3cc21,Oxidized,CGOQTAJXYMPMGE-UHFFFAOYSA-N,0.09,-20.89
63,,O=C1C(S(=O)(=O)O)=C2C(=O)c3c(c(S(=O)(=O)O)c(S(=O)(=O)O)c(S(=O)(=O)O)c3S(=O)(=O)O)C(S(=O)(=O)O)=C2C(S(=O)(=O)O)=C1S(=O)(=O)O,O=C1C=CC2=Cc3ccccc3C(=O)C2=C1,Oxidized,GESBSTGQESKBFO-UHFFFAOYSA-N,0.09,-20.86
64,"2-ethenylanthracene-9,10-dione",C=Cc1ccc2c(c1)C(=O)c1ccccc1C2=O,O=C1c2ccccc2C(=O)c2ccccc21,Oxidized,IQOUOAIZDKROQT-UHFFFAOYSA-N,0.09,-113.61
65,"2-methylanthracene-9,10-dione",Cc1ccc2c(c1)C(=O)c1ccccc1C2=O,O=C1c2ccccc2C(=O)c2ccccc21,Oxidized,NJWGQARXZDRHCD-UHFFFAOYSA-N,0.09,-46.84
66,,CN(C)C1=C(N(C)C)C(=O)c2c(c(N(C)C)c(N(C)C)c(N(C)C)c2N(C)C)C1=O,O=C1C=CC(=O)c2ccccc21,Oxidized,POZYXOMCMGQKSN-UHFFFAOYSA-N,0.09,-33.3
67,,O=C1C(S)=C(S)C2=C(S)c3c(S)c(S)c(S)c(S)c3C(=O)C2=C1S,O=C1C=CC2=Cc3ccccc3C(=O)C2=C1,Oxidized,JIZWXWXWCQFXPJ-UHFFFAOYSA-N,0.1,-17.61
68,"2-fluoroanthracene-9,10-dione",O=C1c2ccccc2C(=O)c2cc(F)ccc21,O=C1c2ccccc2C(=O)c2ccccc21,Oxidized,LFZBKGLFBCHVMF-UHFFFAOYSA-N,0.1,-19.1
69,"anthracene-9,10-dione",O=C1c2ccccc2C(=O)c2ccccc21,O=C1c2ccccc2C(=O)c2ccccc21,Oxidized,RZVHIXYEVGDQDX-UHFFFAOYSA-N,0.1,-31.06
70,"9,10-dioxoanthracene-1-carbaldehyde",O=Cc1cccc2c1C(=O)c1ccccc1C2=O,O=C1c2ccccc2C(=O)c2ccccc21,Oxidized,VZAMYPINYMMSGD-UHFFFAOYSA-N,0.1,-28.35
71,"9,10-dioxoanthracene-1,2,3,4,5,6,7,8-octasulfonic acid",O=C1c2c(c(S(=O)(=O)O)c(S(=O)(=O)O)c(S(=O)(=O)O)c2S(=O)(=O)O)C(=O)c2c1c(S(=O)(=O)O)c(S(=O)(=O)O)c(S(=O)(=O)O)c2S(=O)(=O)O,O=C1c2ccccc2C(=O)c2ccccc21,Oxidized,BOWXVOQBTCMTIN-UHFFFAOYSA-N,0.11,-15.62
72,"2-chloroanthracene-9,10-dione",O=C1c2ccccc2C(=O)c2cc(Cl)ccc21,O=C1c2ccccc2C(=O)c2ccccc21,Oxidized,FPKCTSIVDAWGFA-UHFFFAOYSA-N,0.11,-31.65
73,"4-hydroxyanthracene-1,2-dione",O=C1C=C(O)c2cc3ccccc3cc2C1=O,O=C1C=Cc2cc3ccccc3cc2C1=O,Oxidized,MADWOKVVJIIQMP-UHFFFAOYSA-N,0.11,-102.71
74,,O=C1c2ccccc2C(=O)c2cc([SiH3])ccc21,O=C1c2ccccc2C(=O)c2ccccc21,Oxidized,IDZQGGDTYDOWDP-UHFFFAOYSA-N,0.12,-15.68
75,,O=C1c2c(c(C(F)(F)F)c(C(F)(F)F)c(C(F)(F)F)c2C(F)(F)F)C(=O)c2c1c(C(F)(F)F)c(C(F)(F)F)c(C(F)(F)F)c2C(F)(F)F,O=C1c2ccccc2C(=O)c2ccccc21,Oxidized,AYSHTUZDMOSMRF-UHFFFAOYSA-N,0.13,-18.54
76,,Nc1c2c(cc3ccccc13)C(=O)C=CC2=O,O=C1C=CC(=O)c2cc3ccccc3cc21,Oxidized,GBBPLXNCQMJPIC-UHFFFAOYSA-N,0.13,-79.61
77,,O=C1C(=O)C(P(=O)(O)O)=c2c(P(=O)(O)O)c3c(P(=O)(O)O)c(P(=O)(O)O)c(P(=O)(O)O)c(P(=O)(O)O)c3c(P(=O)(O)O)c2=C1P(=O)(O)O,O=C1C=c2cc3ccccc3cc2=CC1=O,Oxidized,NRIPOJYWKQIEFB-UHFFFAOYSA-N,0.13,-28.75
78,"9-hydroxyanthracene-1,4-dione",O=C1C=CC(=O)c2c1cc1ccccc1c2O,O=C1C=CC(=O)c2cc3ccccc3cc21,Oxidized,WRNLLFFUMFNHNF-UHFFFAOYSA-N,0.13,-242.19
79,"(9,10-dioxoanthracen-2-yl)phosphonic acid",O=C1c2ccccc2C(=O)c2cc(P(=O)(O)O)ccc21,O=C1c2ccccc2C(=O)c2ccccc21,Oxidized,RXORCQCMKOBITC-UHFFFAOYSA-N,0.13,-28.63
80,"1-ethenylanthracene-9,10-dione",C=Cc1cccc2c1C(=O)c1ccccc1C2=O,O=C1c2ccccc2C(=O)c2ccccc21,Oxidized,WEUGOYFFHOXJAY-UHFFFAOYSA-N,0.13,-2.62
81,"9-hydroxyanthracene-1,4-dione",O=C1C=CC(=O)c2c1cc1ccccc1c2O,O=C1C=CC(=O)c2cc3ccccc3cc21,Oxidized,WRNLLFFUMFNHNF-UHFFFAOYSA-N,0.13,-39.42
82,,O=C1C=CC(=O)c2c1cc1ccccc1c2S,O=C1C=CC(=O)c2cc3ccccc3cc21,Oxidized,QHUFBMBDRYLEEP-UHFFFAOYSA-N,0.14,-22.56
83,,COC(=O)c1c(C(=O)OC)c(C(=O)OC)c2c(c1C(=O)OC)C(=O)c1c(C(=O)OC)c(C(=O)OC)c(C(=O)OC)c(C(=O)OC)c1C2=O,O=C1c2ccccc2C(=O)c2ccccc21,Oxidized,ARKQTQROJVOOAY-UHFFFAOYSA-N,0.15,-24.22
84,"methyl 9,10-dioxoanthracene-2-carboxylate",COC(=O)c1ccc2c(c1)C(=O)c1ccccc1C2=O,O=C1c2ccccc2C(=O)c2ccccc21,Oxidized,JJFLSBOGTGPZMM-UHFFFAOYSA-N,0.15,-16.27
85,4-hydroxy-10-iminoanthracen-9-one,N=C1c2ccccc2C(=O)c2cccc(O)c21,N=C1c2ccccc2C(=O)c2ccccc21,Oxidized,UGCHNVUFOVPCNE-UHFFFAOYSA-N,0.15,-0.4
86,,C=Cc1c(C=C)c(C=C)c2c(c1C=C)C(=O)c1c(C=C)c(C=C)c(C=C)c(C=C)c1C2=O,O=C1c2ccccc2C(=O)c2ccccc21,Oxidized,ORKCINBBCMXFNA-UHFFFAOYSA-N,0.15,-27.04
87,"2-(trifluoromethyl)anthracene-9,10-dione",O=C1c2ccccc2C(=O)c2cc(C(F)(F)F)ccc21,O=C1c2ccccc2C(=O)c2ccccc21,Oxidized,WGDPBTLIVMMBGC-UHFFFAOYSA-N,0.15,-42.91
88,"9,10-dioxoanthracene-2-carbaldehyde",O=Cc1ccc2c(c1)C(=O)c1ccccc1C2=O,O=C1c2ccccc2C(=O)c2ccccc21,Oxidized,XBWFYFHSIFEXMY-UHFFFAOYSA-N,0.15,-27.38
89,"1,2,3,4,5,6,7,8-octachloroanthracene-9,10-dione",O=C1c2c(Cl)c(Cl)c(Cl)c(Cl)c2C(=O)c2c(Cl)c(Cl)c(Cl)c(Cl)c21,O=C1c2ccccc2C(=O)c2ccccc21,Oxidized,ZJKQCGDSUUXRMI-UHFFFAOYSA-N,0.15,-71.13
90,"9,10-dioxoanthracene-2-carboxylic acid",O=C(O)c1ccc2c(c1)C(=O)c1ccccc1C2=O,O=C1c2ccccc2C(=O)c2ccccc21,Oxidized,ASDLSKCKYGVMAI-UHFFFAOYSA-N,0.16,-51.02
91,"9,10-dioxoanthracene-2-sulfonic acid",O=C1c2ccccc2C(=O)c2cc(S(=O)(=O)O)ccc21,O=C1c2ccccc2C(=O)c2ccccc21,Oxidized,MMNWSHJJPDXKCH-UHFFFAOYSA-N,0.16,-32.05
92,"2,3,5,6,7,8-hexamethylnaphthalene-1,4-dione",CC1=C(C)C(=O)c2c(C)c(C)c(C)c(C)c2C1=O,O=C1C=CC(=O)c2ccccc21,Oxidized,NSBHIJSEFBFZMA-UHFFFAOYSA-N,0.16,-19.33
93,"9,10-dioxoanthracene-2-carbonitrile",N#Cc1ccc2c(c1)C(=O)c1ccccc1C2=O,O=C1c2ccccc2C(=O)c2ccccc21,Oxidized,WOUWMLCELPTUSF-UHFFFAOYSA-N,0.16,-41.39
94,"2-aminonaphthalene-1,4-dione",NC1=CC(=O)c2ccccc2C1=O,O=C1C=CC(=O)c2ccccc21,Oxidized,CYCRZLRIJWDWCM-UHFFFAOYSA-N,0.17,-130.08
95,"2,3,5,6-tetrahydroxycyclohexa-2,5-diene-1,4-dione",O=C1C(O)=C(O)C(=O)C(O)=C1O,O=C1C=CC(=O)C=C1,Oxidized,DGQOCLATAPFASR-UHFFFAOYSA-N,0.17,-52.9
96,"3,4,5,6,7,8-hexaaminonaphthalene-1,2-dione",NC1=C(N)c2c(N)c(N)c(N)c(N)c2C(=O)C1=O,O=C1C=Cc2ccccc2C1=O,Oxidized,LOLBJPAXHAVSPD-UHFFFAOYSA-N,0.17,-41.67
97,,CN(C)C1=C2C(=O)c3c(c(N(C)C)c(N(C)C)c(N(C)C)c3N(C)C)C(N(C)C)=C2C(=O)C(N(C)C)=C1N(C)C,O=C1C=CC=C2C(=O)c3ccccc3C=C12,Oxidized,UTZGRPSQVWHNGA-UHFFFAOYSA-N,0.17,-42.29
98,"2-(dimethylamino)anthracene-1,4-dione",CN(C)C1=CC(=O)c2cc3ccccc3cc2C1=O,O=C1C=CC(=O)c2cc3ccccc3cc21,Oxidized,JYEICGVJQFNJIS-UHFFFAOYSA-N,0.18,-197.31
99,"2-nitroanthracene-9,10-dione",O=C1c2ccccc2C(=O)c2cc([N+](=O)[O-])ccc21,O=C1c2ccccc2C(=O)c2ccccc21,Oxidized,QCVMOSGPTRRUQZ-UHFFFAOYSA-N,0.18,-44.59
100,"9,10-dioxoanthracene-1,2,3,4,5,6,7,8-octacarboxylic acid",O=C(O)c1c(C(=O)O)c(C(=O)O)c2c(c1C(=O)O)C(=O)c1c(C(=O)O)c(C(=O)O)c(C(=O)O)c(C(=O)O)c1C2=O,O=C1c2ccccc2C(=O)c2ccccc21,Oxidized,VZWDBSIWFZVRTE-UHFFFAOYSA-N,0.18,-22.64
101,,O=C1C=CC(S)=C2C(=O)c3ccccc3C=C12,O=C1C=CC=C2C(=O)c3ccccc3C=C12,Oxidized,GEIBEVUVIBGFEB-UHFFFAOYSA-N,0.19,-21.9
102,"1-(trifluoromethyl)anthracene-9,10-dione",O=C1c2ccccc2C(=O)c2c1cccc2C(F)(F)F,O=C1c2ccccc2C(=O)c2ccccc21,Oxidized,MJDPYBPAYIRDFM-UHFFFAOYSA-N,0.19,-18.78
103,"4-hydroxynaphthalene-1,2-dione",O=C1C=C(O)c2ccccc2C1=O,O=C1C=Cc2ccccc2C1=O,Oxidized,WVCHIGAIXREVNS-UHFFFAOYSA-N,0.2,-27.79
104,,CC1=C(C)C(C)=C2C(=O)c3c(C)c(C)c(C)c(C)c3C(C)=C2C1=O,O=C1C=CC=C2C(=O)c3ccccc3C=C12,Oxidized,QEYBYASYDJHNTH-UHFFFAOYSA-N,0.2,-25.74
105,,O=CC1=C(C=O)c2c(c(C=O)c3c(C=O)c(C=O)c(C=O)c(C=O)c3c2C=O)C(=O)C1=O,O=C1C=Cc2cc3ccccc3cc2C1=O,Oxidized,GCYMPJCXDZAIJR-UHFFFAOYSA-N,0.9,-24.76
106,,O=C(O)C1=C(C(=O)O)C(C(=O)O)=C2C(=O)C(C(=O)O)=C(C(=O)O)C(C(=O)O)=C2C1=O,O=C1C=CC=C2C(=O)C=CC=C12,Oxidized,HGEZPRXEKRCNKR-UHFFFAOYSA-N,0.9,-25.75
107,,O=C1C=CC(C(F)(F)F)=C2C(=O)C=CC=C12,O=C1C=CC=C2C(=O)C=CC=C12,Oxidized,JNSPLOPPAKQOAC-UHFFFAOYSA-N,0.9,-80.1
108,,O=C1C=C([N+](=O)[O-])C=C2C(=O)C=CC=C12,O=C1C=CC=C2C(=O)C=CC=C12,Oxidized,KQPHJMQAFMMQIB-UHFFFAOYSA-N,0.9,-46.7
109,"3,5-dioxonaphthalene-2-carboxylic acid",O=C(O)C1=CC2=CC=CC(=O)C2=CC1=O,O=C1C=CC2=CC=CC(=O)C2=C1,Oxidized,QLSVRUDYYYYQQY-UHFFFAOYSA-N,0.9,-50.57
110,,N#CC1=CC(=O)C=C2C(=O)C=CC=C12,O=C1C=CC2=CC=CC(=O)C2=C1,Oxidized,SDBNRLJQSGZWKX-UHFFFAOYSA-N,0.9,-90.3
111,,O=C1C=Cc2c(P(=O)(O)O)c3c(cc2=C1)C(=O)C=CC=3,O=C1C=Cc2cc3c(cc2=C1)C(=O)C=CC=3,Oxidized,SNIKKXHXXHUWEK-UHFFFAOYSA-N,0.9,-11.46
112,,O=C1C=Cc2c(C(F)(F)F)c3c(cc2=C1)C=CC(=O)C=3,O=C1C=Cc2cc3c(cc2=C1)C=CC(=O)C=3,Oxidized,WRKKIPRECMTAAD-UHFFFAOYSA-N,0.9,-50.19
113,,O=C1C(=O)C([SiH3])=c2c([SiH3])c([SiH3])c([SiH3])c([SiH3])c2=C1[SiH3],O=C1C=c2ccccc2=CC1=O,Oxidized,XVWLWFWKEUYOPP-UHFFFAOYSA-N,0.9,-154.07
114,"3-chlorocyclohexa-3,5-diene-1,2-dione",O=C1C=CC=C(Cl)C1=O,O=C1C=CC=CC1=O,Oxidized,YXNXDWBQKZVHCM-UHFFFAOYSA-N,0.9,-35.27
115,,N#CC1=CC(=O)c2cc3c(cc2=C1)C=CC(=O)C=3,O=C1C=Cc2cc3c(cc2=C1)C(=O)C=CC=3,Oxidized,ZPQOOYIDNBPRFE-UHFFFAOYSA-N,0.9,-29.44
116,,C=CC1=c2c(C=C)c3c(C=C)c(C=C)c(C=C)c(C=C)c3c(C=C)c2=C(C=C)C(=O)C1=O,O=C1C=c2cc3ccccc3cc2=CC1=O,Oxidized,ZXELJENMYBQMLF-UHFFFAOYSA-N,0.9,-49.99
117,,O=C1C=CC2=C(C(=O)O)C=CC(=O)C2=C1,O=C1C=CC2=CC=CC(=O)C2=C1,Oxidized,FPMZMALERLMQQB-UHFFFAOYSA-N,0.91,-46.52
118,,O=C1C=CC2=CC=C(C(F)(F)F)C(=O)C2=C1,O=C1C=CC2=CC=CC(=O)C2=C1,Oxidized,GRHCSUZNRUVYQE-UHFFFAOYSA-N,0.91,-208.86
119,,N#CC1=CC=C2C(=O)C=CC=C2C1=O,O=C1C=CC=C2C(=O)C=CC=C12,Oxidized,KPZXLYIJHTYUGO-UHFFFAOYSA-N,0.91,-203.41
120,,O=C1C2=C([N+](=O)[O-])c3c(c([N+](=O)[O-])c([N+](=O)[O-])c([N+](=O)[O-])c3[N+](=O)[O-])C(=O)C2=C([N+](=O)[O-])C([N+](=O)[O-])=C1[N+](=O)[O-],O=C1C=CC=C2C(=O)c3ccccc3C=C12,Oxidized,NBHLSKKLLHMZEV-UHFFFAOYSA-N,0.91,-25.43
121,,O=C(O)C1=C2C(=O)C=CC=C2C(=O)C=C1,O=C1C=CC=C2C(=O)C=CC=C12,Oxidized,QPOPYAXXBFIKTD-UHFFFAOYSA-N,0.91,-29.99
122,,O=C(O)C1=C(C(=O)O)C(C(=O)O)=c2c(C(=O)O)c3c(c(C(=O)O)c2C1=O)=C(C(=O)O)C(C(=O)O)=C(C(=O)O)C3=O,O=C1C=CC=c2cc3c(cc21)=CC=CC3=O,Oxidized,UAIPUPJUFCKNKD-UHFFFAOYSA-N,0.91,-25.29
123,,Nc1ccc2c(c1)=CC(=O)C(=O)C=2,O=C1C=c2ccccc2=CC1=O,Oxidized,VLDUPVLSIOHWNN-UHFFFAOYSA-N,0.91,-42.26
124,,O=C1C=Cc2c([N+](=O)[O-])c3c(cc2=C1)C=CC(=O)C=3,O=C1C=Cc2cc3c(cc2=C1)C=CC(=O)C=3,Oxidized,VYHOVZDVJXZNBE-UHFFFAOYSA-N,0.91,-74.89
125,,O=C1C(P(=O)(O)O)=C2C(=O)C(P(=O)(O)O)=C(P(=O)(O)O)C(P(=O)(O)O)=C2C(P(=O)(O)O)=C1P(=O)(O)O,O=C1C=CC2=CC=CC(=O)C2=C1,Oxidized,ZLBHBWCOKXHDRM-UHFFFAOYSA-N,0.91,-39.04
126,,O=C1C(C(F)(F)F)=C2C(=C(C(F)(F)F)C(=O)C(C(F)(F)F)=C2C(F)(F)F)C(C(F)(F)F)=C1C(F)(F)F,O=C1C=CC2=CC(=O)C=CC2=C1,Oxidized,BKTWISLFKZDMLJ-UHFFFAOYSA-N,0.92,-79.17
127,,O=C1C=CC2=CC(=O)C=C([N+](=O)[O-])C2=C1,O=C1C=CC2=CC(=O)C=CC2=C1,Oxidized,DNODSJQROKGMFP-UHFFFAOYSA-N,0.92,-49.66
128,,O=C1C=c2cc3c(cc2C=C1S(=O)(=O)O)=CC=CC3=O,O=C1C=Cc2cc3c(cc2=C1)C(=O)C=CC=3,Oxidized,HRBWJJDYPPMPRP-UHFFFAOYSA-N,0.92,-32.96
129,"2,6-dioxonaphthalene-1-carbonitrile",N#CC1=C2C=CC(=O)C=C2C=CC1=O,O=C1C=CC2=CC(=O)C=CC2=C1,Oxidized,JTIDNXNUKKGDFO-UHFFFAOYSA-N,0.92,-68.22
130,,O=C1C=CC2=C([N+](=O)[O-])C=CC(=O)C2=C1,O=C1C=CC2=CC=CC(=O)C2=C1,Oxidized,LQNASMWLRLIDQG-UHFFFAOYSA-N,0.92,-29.3
131,,O=C1C=CC2=CC=C(S(=O)(=O)O)C(=O)C2=C1,O=C1C=CC2=CC=CC(=O)C2=C1,Oxidized,NGFZRTJRWXLXGJ-UHFFFAOYSA-N,0.92,-5.38
132,"methyl 3,4-dioxocyclohexa-1,5-diene-1-carboxylate",COC(=O)C1=CC(=O)C(=O)C=C1,O=C1C=CC=CC1=O,Oxidized,QXPVPJZBCOUABK-UHFFFAOYSA-N,0.92,-21.62
133,"4-(trifluoromethyl)cyclohexa-3,5-diene-1,2-dione",O=C1C=CC(C(F)(F)F)=CC1=O,O=C1C=CC=CC1=O,Oxidized,SLVJFJMQJYCWFK-UHFFFAOYSA-N,0.92,-83.76
134,,CC1=c2c(C)c3c(C)c(C)c(C)c(C)c3c(C)c2=C(C)C(=O)C1=O,O=C1C=c2cc3ccccc3cc2=CC1=O,Oxidized,VYKQRGLFAGPDDN-UHFFFAOYSA-N,0.92,-42.07
135,,O=C1C=CC(P(=O)(O)O)=CC1=O,O=C1C=CC=CC1=O,Oxidized,YFNHFVMYBAHNDA-UHFFFAOYSA-N,0.92,-29.02
136,,O=C1C=CC=C2C=CC(=O)C(C(F)(F)F)=C12,O=C1C=CC2=CC=CC(=O)C2=C1,Oxidized,AANWZEDVAJIULJ-UHFFFAOYSA-N,0.93,-37.93
137,"3-(trifluoromethyl)cyclohexa-3,5-diene-1,2-dione",O=C1C=CC=C(C(F)(F)F)C1=O,O=C1C=CC=CC1=O,Oxidized,AGJJGCDVKYJQGC-UHFFFAOYSA-N,0.93,-53.8
138,,N#CC1=CC(=O)C2=CC(=O)C=CC2=C1,O=C1C=CC2=CC=CC(=O)C2=C1,Oxidized,DJVRDWJDKFPANC-UHFFFAOYSA-N,0.93,-23.67
139,"3,4-dioxocyclohexa-1,5-diene-1-carboxylic acid",O=C(O)C1=CC(=O)C(=O)C=C1,O=C1C=CC=CC1=O,Oxidized,DTNCPPNQMPSEJC-UHFFFAOYSA-N,0.93,-57.23
140,,CN(C)C1=c2cc3ccccc3cc2=CC(=O)C1=O,O=C1C=c2cc3ccccc3cc2=CC1=O,Oxidized,GRCTZSSBQSNYQG-UHFFFAOYSA-N,0.93,-88.13
141,"methyl 3,6-dioxocyclohexa-1,4-diene-1-carboxylate",COC(=O)C1=CC(=O)C=CC1=O,O=C1C=CC(=O)C=C1,Oxidized,LSFYMYHEOPWITI-UHFFFAOYSA-N,0.93,-26.25
142,,N#CC1=c2cc3c(cc2C=CC1=O)=CC=CC3=O,O=C1C=Cc2cc3c(cc2=C1)C(=O)C=CC=3,Oxidized,MWLGTNXWNLXUNH-UHFFFAOYSA-N,0.93,-32.93
143,,N#Cc1c2c(cc3c1=CC(=O)C=C3)=CC(=O)C=C2,O=C1C=Cc2cc3c(cc2=C1)C=CC(=O)C=3,Oxidized,PILPQZGEBREQDE-UHFFFAOYSA-N,0.93,-77.08
144,,O=C1C=CC2=C(P(=O)(O)O)C=CC(=O)C2=C1,O=C1C=CC2=CC=CC(=O)C2=C1,Oxidized,QCZNWEOCDRYXEE-UHFFFAOYSA-N,0.93,-48.76
145,,N#CC1=c2cc3c(cc2C=CC1=O)=CC(=O)C=C3,O=C1C=Cc2cc3c(cc2=C1)C=CC(=O)C=3,Oxidized,RWPPURSIUKAJOF-UHFFFAOYSA-N,0.93,-28.89
146,,O=C1C=CC2=C(C(F)(F)F)C=CC(=O)C2=C1,O=C1C=CC2=CC=CC(=O)C2=C1,Oxidized,WGRMWTSIVOCOSG-UHFFFAOYSA-N,0.93,-44.99
147,,N#CC1=C2C=CC(=O)C=C2C(=O)C=C1,O=C1C=CC2=CC=CC(=O)C2=C1,Oxidized,XVKUJGCPFNFRBW-UHFFFAOYSA-N,0.93,-40.04
148,,N#CC1=C(C#N)c2c(c(C#N)c3c(C#N)c(C#N)c(C#N)c(C#N)c3c2C#N)C(=O)C1=O,O=C1C=Cc2cc3ccccc3cc2C1=O,Oxidized,AXTNXGUSCICSRS-UHFFFAOYSA-N,0.94,-61.77
149,,N#CC1=C2C(=O)C=CC=C2C(=O)C=C1,O=C1C=CC=C2C(=O)C=CC=C12,Oxidized,IQWZIEZOENIWJT-UHFFFAOYSA-N,0.94,-63.41
150,,O=CC1=C(C=O)c2c(C=O)c(C=O)c(C=O)c(C=O)c2C(=O)C1=O,O=C1C=Cc2ccccc2C1=O,Oxidized,JLZJFYVJLLOAGA-UHFFFAOYSA-N,0.94,-109.85
151,,O=C1C=Cc2c(S(=O)(=O)O)c3c(cc2=C1)C=CC(=O)C=3,O=C1C=Cc2cc3c(cc2=C1)C=CC(=O)C=3,Oxidized,OCXSTKVLKRYGAF-UHFFFAOYSA-N,0.94,-75.52
152,,CN(C)c1ccc2cc3c(cc2c1)=CC(=O)C(=O)C=3,O=C1C=c2cc3ccccc3cc2=CC1=O,Oxidized,OHHKXKHJKUASRJ-UHFFFAOYSA-N,0.94,-48.5
153,"3,4-dioxocyclohexa-1,5-diene-1-sulfonic acid",O=C1C=CC(S(=O)(=O)O)=CC1=O,O=C1C=CC=CC1=O,Oxidized,WALCUXATDQAOIH-UHFFFAOYSA-N,0.94,-41.77
154,,COC(=O)C1=C(C(=O)OC)C(C(=O)OC)=c2c(C(=O)OC)c3c(c(C(=O)OC)c2C1=O)=C(C(=O)OC)C(C(=O)OC)=C(C(=O)OC)C3=O,O=C1C=CC=c2cc3c(cc21)=CC=CC3=O,Oxidized,WFKMZIDFIZRTCP-UHFFFAOYSA-N,0.94,-55.33
155,,O=Cc1c2c(cc3c1=CC(=O)C=C3)=CC(=O)C=C2,O=C1C=Cc2cc3c(cc2=C1)C=CC(=O)C=3,Oxidized,ZVSROXVUCOHYBL-UHFFFAOYSA-N,0.94,-67.28
156,,O=C1C([N+](=O)[O-])=C2C(=O)c3c(c([N+](=O)[O-])c([N+](=O)[O-])c([N+](=O)[O-])c3[N+](=O)[O-])C([N+](=O)[O-])=C2C([N+](=O)[O-])=C1[N+](=O)[O-],O=C1C=CC2=Cc3ccccc3C(=O)C2=C1,Oxidized,BBTFTUXBQYUOBI-UHFFFAOYSA-N,0.95,-51.82
157,,O=C1C([N+](=O)[O-])=C([N+](=O)[O-])C(=O)c2c1c([N+](=O)[O-])c1c([N+](=O)[O-])c([N+](=O)[O-])c([N+](=O)[O-])c([N+](=O)[O-])c1c2[N+](=O)[O-],O=C1C=CC(=O)c2cc3ccccc3cc21,Oxidized,BHYHUUVZYJWLTN-UHFFFAOYSA-N,0.95,-38.76
158,"3,4-dioxocyclohexa-1,5-diene-1-carbaldehyde",O=CC1=CC(=O)C(=O)C=C1,O=C1C=CC=CC1=O,Oxidized,DELHPZFPVWUYJD-UHFFFAOYSA-N,0.95,-32.21
159,,O=C1C=Cc2cc3c(cc2=C1)C=CC(=O)C=3C(F)(F)F,O=C1C=Cc2cc3c(cc2=C1)C=CC(=O)C=3,Oxidized,IRFSYKDVPIICTF-UHFFFAOYSA-N,0.95,-197.14
160,,C=CC1=c2c(C=C)c(C=C)c(C=C)c(C=C)c2=C(C=C)C(=O)C1=O,O=C1C=c2ccccc2=CC1=O,Oxidized,JEJAFOHNJLZBND-UHFFFAOYSA-N,0.95,-26.78
161,,O=C(O)C1=c2c(C(=O)O)c3c(C(=O)O)c(C(=O)O)c(C(=O)O)c(C(=O)O)c3c(C(=O)O)c2=C(C(=O)O)C(=O)C1=O,O=C1C=c2cc3ccccc3cc2=CC1=O,Oxidized,MEEZMULKGSZFQN-UHFFFAOYSA-N,0.95,-24.14
162,,O=CC1=C(C=O)C(C=O)=C2C(=O)C(C=O)=C(C=O)C(C=O)=C2C1=O,O=C1C=CC=C2C(=O)C=CC=C12,Oxidized,NOKTXEJPDUUHKH-UHFFFAOYSA-N,0.95,-21.45
163,"5,6-dioxocyclohexa-1,3-diene-1-sulfonic acid",O=C1C=CC=C(S(=O)(=O)O)C1=O,O=C1C=CC=CC1=O,Oxidized,QCPBWINFMLTGJV-UHFFFAOYSA-N,0.95,-26.49
164,,O=C1C=CC2=C(C(F)(F)F)C(=O)C=CC2=C1,O=C1C=CC2=CC(=O)C=CC2=C1,Oxidized,RMOBZSSTOSGVCR-UHFFFAOYSA-N,0.95,-36.97
165,,O=C1C=Cc2cc3c(cc2=C1C(F)(F)F)C(=O)C=CC=3,O=C1C=Cc2cc3c(cc2=C1)C(=O)C=CC=3,Oxidized,VVYODLXYNJVZEH-UHFFFAOYSA-N,0.95,-25.49
166,,CN(C)C1=c2ccccc2=CC(=O)C1=O,O=C1C=c2ccccc2=CC1=O,Oxidized,WFYYOWIISWTNSC-UHFFFAOYSA-N,0.95,-45.23
167,"3,4-dioxocyclohexa-1,5-diene-1-carbonitrile",N#CC1=CC(=O)C(=O)C=C1,O=C1C=CC=CC1=O,Oxidized,YXBJVYOQFQQNAV-UHFFFAOYSA-N,0.95,-58.34
168,,N#CC1=CC=C2C=CC(=O)C=C2C1=O,O=C1C=CC2=CC=CC(=O)C2=C1,Oxidized,LFUOMHFAWBHWPS-UHFFFAOYSA-N,0.96,-47.4
169,,O=C(O)C1=CC=C2C(=O)C=CC=C2C1=O,O=C1C=CC=C2C(=O)C=CC=C12,Oxidized,MRLUHVRYABKRKW-UHFFFAOYSA-N,0.96,-92.93
170,,O=C1C=CC=C2C=CC(=O)C([N+](=O)[O-])=C12,O=C1C=CC2=CC=CC(=O)C2=C1,Oxidized,QCVMZROYRLYLTJ-UHFFFAOYSA-N,0.96,-24.59
171,,O=C1C=c2ccccc2=C(S)C1=O,O=C1C=c2ccccc2=CC1=O,Oxidized,QPMRHGAJYFJLNC-UHFFFAOYSA-N,0.96,-76.95
172,,O=C1C=Cc2cc3c(cc2=C1S(=O)(=O)O)C(=O)C=CC=3,O=C1C=Cc2cc3c(cc2=C1)C(=O)C=CC=3,Oxidized,VFCAYIHEQZWUSJ-UHFFFAOYSA-N,0.96,-12.3
173,,O=C1C=Cc2c(P(=O)(O)O)c3c(cc2=C1)C=CC(=O)C=3,O=C1C=Cc2cc3c(cc2=C1)C=CC(=O)C=3,Oxidized,XGDYLPJACLOXHQ-UHFFFAOYSA-N,0.96,-45.53
174,,COC1=c2c(OC)c(OC)c(OC)c(OC)c2=C(OC)C(=O)C1=O,O=C1C=c2ccccc2=CC1=O,Oxidized,YQORLYMZLQOGMR-UHFFFAOYSA-N,0.96,-37.24
175,,CN(C)c1cccc2c1=CC(=O)C(=O)C=2,O=C1C=c2ccccc2=CC1=O,Oxidized,DBLVCIUDHDWUKU-UHFFFAOYSA-N,0.97,-282.49
176,,COC1=c2ccccc2=CC(=O)C1=O,O=C1C=c2ccccc2=CC1=O,Oxidized,HMNWKHAFDUMKIG-UHFFFAOYSA-N,0.97,-19.04
177,,O=C1C=CC2=CC([N+](=O)[O-])=CC(=O)C2=C1,O=C1C=CC2=CC=CC(=O)C2=C1,Oxidized,JUNZSKQFDLFFGI-UHFFFAOYSA-N,0.97,-30.3
178,,O=CC1=Cc2cc3c(cc2=CC1=O)C(=O)C=CC=3,O=C1C=Cc2cc3c(cc2=C1)C(=O)C=CC=3,Oxidized,KHBSVYIKHYZAIA-UHFFFAOYSA-N,0.97,-83.43
179,,O=C1C(P(=O)(O)O)=C(P(=O)(O)O)c2c(P(=O)(O)O)c3c(c(P(=O)(O)O)c2=C1P(=O)(O)O)C(=O)C(P(=O)(O)O)=C(P(=O)(O)O)C=3P(=O)(O)O,O=C1C=Cc2cc3c(cc2=C1)C(=O)C=CC=3,Oxidized,LMFPPLFNHJAAQA-UHFFFAOYSA-N,0.97,-25.02
180,"5,6-dioxocyclohexa-1,3-diene-1-carbonitrile",N#CC1=CC=CC(=O)C1=O,O=C1C=CC=CC1=O,Oxidized,OGEORZYGVCISGQ-UHFFFAOYSA-N,0.97,-59.23
181,,O=C1C(=O)C([N+](=O)[O-])=c2c([N+](=O)[O-])c3c([N+](=O)[O-])c([N+](=O)[O-])c([N+](=O)[O-])c([N+](=O)[O-])c3c([N+](=O)[O-])c2=C1[N+](=O)[O-],O=C1C=c2cc3ccccc3cc2=CC1=O,Oxidized,OILWVZWINNXSRP-UHFFFAOYSA-N,0.97,-27.48
182,,N#CC1=C(C#N)c2c(C#N)c(C#N)c(C#N)c(C#N)c2C(=O)C1=O,O=C1C=Cc2ccccc2C1=O,Oxidized,WMPSEMFWHWZREK-UHFFFAOYSA-N,0.97,-47.91
183,"6-hydroxynaphthalene-2,3-dione",O=C1C=c2ccc(O)cc2=CC1=O,O=C1C=c2ccccc2=CC1=O,Oxidized,WTIKHEZTUVQWDE-UHFFFAOYSA-N,0.97,-50.0
184,,N#Cc1c2c(cc3c1=CC(=O)C=C3)=CC=CC2=O,O=C1C=Cc2cc3c(cc2=C1)C(=O)C=CC=3,Oxidized,FHNUEKCWPUQJRA-UHFFFAOYSA-N,0.98,-55.17
185,"2-nitrocyclohexa-2,5-diene-1,4-dione",O=C1C=CC(=O)C([N+](=O)[O-])=C1,O=C1C=CC(=O)C=C1,Oxidized,VSHVAOIJUGIMJM-UHFFFAOYSA-N,0.98,-24.91
186,,O=C1C(=O)C(S(=O)(=O)O)=C(S(=O)(=O)O)C(S(=O)(=O)O)=C1S(=O)(=O)O,O=C1C=CC=CC1=O,Oxidized,ZDHQZUZESHMKOJ-UHFFFAOYSA-N,0.98,-132.64
187,"3,6-dioxocyclohexa-1,4-diene-1,2,4,5-tetracarboxylic acid",O=C(O)C1=C(C(=O)O)C(=O)C(C(=O)O)=C(C(=O)O)C1=O,O=C1C=CC(=O)C=C1,Oxidized,DMCTUEIMZPODLV-UHFFFAOYSA-N,0.99,-200.68
188,,O=C1C=c2ccc(S)cc2=CC1=O,O=C1C=c2ccccc2=CC1=O,Oxidized,GKNGVPRDTYLWJS-UHFFFAOYSA-N,0.99,-42.58
189,,O=C(O)C1=C2C(=O)C=CC=C2C=CC1=O,O=C1C=CC2=CC=CC(=O)C2=C1,Oxidized,GXJWACPCFXJFPD-UHFFFAOYSA-N,0.99,-5.36
190,,O=C1C(C(F)(F)F)=C(C(F)(F)F)C(C(F)(F)F)=c2c1c(C(F)(F)F)c1c(c2C(F)(F)F)C(=O)C(C(F)(F)F)=C(C(F)(F)F)C=1C(F)(F)F,O=C1C=CC=c2cc3c(cc21)=CC=CC3=O,Oxidized,HLGNLHYPYGCTMR-UHFFFAOYSA-N,0.99,-56.82
191,,N#CC1=C2C(=O)C=CC=C2C=CC1=O,O=C1C=CC2=CC=CC(=O)C2=C1,Oxidized,HXWVQBXWGFNKOI-UHFFFAOYSA-N,0.99,-40.3
192,,O=C(O)C1=C(C(=O)O)C(C(=O)O)=c2c(C(=O)O)c3c(c(C(=O)O)c2C1=O)=C(C(=O)O)C(=O)C(C(=O)O)=C3C(=O)O,O=C1C=Cc2cc3c(cc2=C1)C(=O)C=CC=3,Oxidized,OKDWNQKMYDFLOQ-UHFFFAOYSA-N,0.99,-41.65
193,,COC(=O)C1=C2C(=O)C=CC=C2C=CC1=O,O=C1C=CC2=CC=CC(=O)C2=C1,Oxidized,OWMLFRLFEGSIPS-UHFFFAOYSA-N,0.99,-23.34
194,"5-aminonaphthalene-2,3-dione",Nc1cccc2c1=CC(=O)C(=O)C=2,O=C1C=c2ccccc2=CC1=O,Oxidized,PTFWRUSJMSODAQ-UHFFFAOYSA-N,0.99,-57.7
195,,COc1ccc2c(c1)=CC(=O)C(=O)C=2,O=C1C=c2ccccc2=CC1=O,Oxidized,QHPHYCNRFVVYRB-UHFFFAOYSA-N,0.99,-105.46
196,"1-methylnaphthalene-2,3-dione",CC1=c2ccccc2=CC(=O)C1=O,O=C1C=c2ccccc2=CC1=O,Oxidized,SMXWPUSYCVCVNA-UHFFFAOYSA-N,0.99,-51.42
197,,O=C1C([N+](=O)[O-])=C([N+](=O)[O-])C(=O)c2c1c([N+](=O)[O-])c([N+](=O)[O-])c([N+](=O)[O-])c2[N+](=O)[O-],O=C1C=CC(=O)c2ccccc21,Oxidized,WLJCWZRAEZXNBH-UHFFFAOYSA-N,0.99,-29.76
198,"4-nitrocyclohexa-3,5-diene-1,2-dione",O=C1C=CC([N+](=O)[O-])=CC1=O,O=C1C=CC=CC1=O,Oxidized,AESBILRODWUGNE-UHFFFAOYSA-N,1.0,-35.45
199,,O=C1C=CC2=CC=C(C(=O)O)C(=O)C2=C1,O=C1C=CC2=CC=CC(=O)C2=C1,Oxidized,CKVNQHJGAAWELW-UHFFFAOYSA-N,1.0,-26.41
200,,C=Cc1ccc2c(c1)=CC(=O)C(=O)C=2,O=C1C=c2ccccc2=CC1=O,Oxidized,DZDPSPKXXIWHRK-UHFFFAOYSA-N,1.0,-34.4
201,,N#CC1=C(C#N)C(C#N)=C2C(=O)c3c(C#N)c(C#N)c(C#N)c(C#N)c3C(C#N)=C2C1=O,O=C1C=CC=C2C(=O)c3ccccc3C=C12,Oxidized,JNOQELCYALGYPX-UHFFFAOYSA-N,1.0,-220.91
202,"6-methylnaphthalene-2,3-dione",Cc1ccc2c(c1)=CC(=O)C(=O)C=2,O=C1C=c2ccccc2=CC1=O,Oxidized,UBXBRTACBGIVRD-UHFFFAOYSA-N,1.0,-47.88
203,,O=C1C(=O)c2c(c(S(=O)(=O)O)c3c(S(=O)(=O)O)c(S(=O)(=O)O)c(S(=O)(=O)O)c(S(=O)(=O)O)c3c2S(=O)(=O)O)C(S(=O)(=O)O)=C1S(=O)(=O)O,O=C1C=Cc2cc3ccccc3cc2C1=O,Oxidized,UOKGUVNZEIGXCJ-UHFFFAOYSA-N,1.0,-38.26
204,,O=CC1=CC2=CC(=O)C=CC2=CC1=O,O=C1C=CC2=CC(=O)C=CC2=C1,Oxidized,ZUKAQQPSJNAJSA-UHFFFAOYSA-N,1.0,-108.22
205,,N#CC1=C(C#N)C2=C(C#N)c3c(C#N)c(C#N)c(C#N)c(C#N)c3C(=O)C2=C(C#N)C1=O,O=C1C=CC2=Cc3ccccc3C(=O)C2=C1,Oxidized,BYXAXNREWFLLMS-UHFFFAOYSA-N,1.01,-36.76
206,,COC(=O)C1=C2C=CC(=O)C=C2C=CC1=O,O=C1C=CC2=CC(=O)C=CC2=C1,Oxidized,JQVVVGQAKNXKIY-UHFFFAOYSA-N,1.01,-48.88
207,,COc1cccc2cc3c(cc12)=CC(=O)C(=O)C=3,O=C1C=c2cc3ccccc3cc2=CC1=O,Oxidized,KVHUHIGPHPCFNR-UHFFFAOYSA-N,1.01,-69.27
208,,O=C1C=c2cc3c(cc2C=C1[N+](=O)[O-])=CC=CC3=O,O=C1C=Cc2cc3c(cc2=C1)C(=O)C=CC=3,Oxidized,LENGBRQIYRZTIC-UHFFFAOYSA-N,1.01,-111.6
209,,O=CC1=C(C=O)C(=O)c2c(C=O)c(C=O)c(C=O)c(C=O)c2C1=O,O=C1C=CC(=O)c2ccccc21,Oxidized,OHUNPZXJZXYAKV-UHFFFAOYSA-N,1.01,-37.3
210,"2,3-dioxoanthracene-1-sulfonic acid",O=C1C=c2cc3ccccc3cc2=C(S(=O)(=O)O)C1=O,O=C1C=c2cc3ccccc3cc2=CC1=O,Oxidized,VFTWGXQRGPGIAW-UHFFFAOYSA-N,1.01,-51.73
211,,COC(=O)C1=Cc2cc3c(cc2=CC1=O)C(=O)C=CC=3,O=C1C=Cc2cc3c(cc2=C1)C(=O)C=CC=3,Oxidized,ZTKSKSKLSACGSV-UHFFFAOYSA-N,1.01,-97.32
212,,COC(=O)C1=CC2=CC(=O)C=CC2=CC1=O,O=C1C=CC2=CC(=O)C=CC2=C1,Oxidized,FXZQFJRPLNUODK-UHFFFAOYSA-N,1.02,-39.3
213,"5-methylnaphthalene-2,3-dione",Cc1cccc2c1=CC(=O)C(=O)C=2,O=C1C=c2ccccc2=CC1=O,Oxidized,HBSFFUIQSZZTOV-UHFFFAOYSA-N,1.02,-32.6
214,,O=C1C(P(=O)(O)O)=C(P(=O)(O)O)C(=O)C(P(=O)(O)O)=C1P(=O)(O)O,O=C1C=CC(=O)C=C1,Oxidized,ILVBQMSESCRANB-UHFFFAOYSA-N,1.02,-32.01
215,,O=C1C=c2ccc(P(=O)(O)O)cc2=CC1=O,O=C1C=c2ccccc2=CC1=O,Oxidized,IOYRHIDPTQLDOO-UHFFFAOYSA-N,1.02,-76.97
216,"3,6-dioxocyclohexa-1,4-diene-1,2,4,5-tetracarbonitrile",N#CC1=C(C#N)C(=O)C(C#N)=C(C#N)C1=O,O=C1C=CC(=O)C=C1,Oxidized,JNGDCMHTNXRQQD-UHFFFAOYSA-N,1.02,-142.99
217,,COC1=c2cc3ccccc3cc2=CC(=O)C1=O,O=C1C=c2cc3ccccc3cc2=CC1=O,Oxidized,LWNFWKRIRZDDQE-UHFFFAOYSA-N,1.02,-90.2
218,,Nc1c2c(cc3ccccc13)=CC(=O)C(=O)C=2,O=C1C=c2cc3ccccc3cc2=CC1=O,Oxidized,ZPKUUBSQGSSDET-UHFFFAOYSA-N,1.02,-60.41
219,"5,6-dioxocyclohexa-1,3-diene-1-carboxylic acid",O=C(O)C1=CC=CC(=O)C1=O,O=C1C=CC=CC1=O,Oxidized,DVHJEJFVJPGNQK-UHFFFAOYSA-N,1.03,-50.61
220,"5-hydroxynaphthalene-2,3-dione",O=C1C=c2cccc(O)c2=CC1=O,O=C1C=c2ccccc2=CC1=O,Oxidized,JXWGQLKKBULAPW-UHFFFAOYSA-N,1.03,-45.0
221,,COC(=O)C1=c2cc3c(cc2C=CC1=O)=CC(=O)C=C3,O=C1C=Cc2cc3c(cc2=C1)C=CC(=O)C=3,Oxidized,VCYGLRZMSGPCRS-UHFFFAOYSA-N,1.03,-46.68
222,,C=Cc1cccc2c1=CC(=O)C(=O)C=2,O=C1C=c2ccccc2=CC1=O,Oxidized,YZFGGPIBYIORKU-UHFFFAOYSA-N,1.03,-53.26
223,,COC(=O)C1=Cc2cc3c(cc2=CC1=O)C=CC(=O)C=3,O=C1C=Cc2cc3c(cc2=C1)C=CC(=O)C=3,Oxidized,ZXYQVQPLOHFFLY-UHFFFAOYSA-N,1.03,-60.42
224,,COC(=O)C1=C(C(=O)OC)C(C(=O)OC)=C2C(=O)C(C(=O)OC)=C(C(=O)OC)C(C(=O)OC)=C2C1=O,O=C1C=CC=C2C(=O)C=CC=C12,Oxidized,ZYKNVSCNUYVSIV-UHFFFAOYSA-N,1.03,-31.92
225,"naphthalene-2,3-dione",O=C1C=c2ccccc2=CC1=O,O=C1C=c2ccccc2=CC1=O,Oxidized,BBSQMTKECKKGCW-UHFFFAOYSA-N,1.04,-78.2
226,,O=C1C=Cc2cc3c(cc2=C1)C=C(C(=O)O)C(=O)C=3,O=C1C=Cc2cc3c(cc2=C1)C=CC(=O)C=3,Oxidized,JIMLUZUFSDPEIG-UHFFFAOYSA-N,1.04,-48.17
227,,O=C1C=c2cccc(S)c2=CC1=O,O=C1C=c2ccccc2=CC1=O,Oxidized,JOUJENZCQBXHDB-UHFFFAOYSA-N,1.04,-63.41
228,,COC(=O)C1=CC2=CC=CC(=O)C2=CC1=O,O=C1C=CC2=CC=CC(=O)C2=C1,Oxidized,JZVPXSICXDTHGE-UHFFFAOYSA-N,1.04,-32.13
229,"tetramethyl 3,6-dioxocyclohexa-1,4-diene-1,2,4,5-tetracarboxylate",COC(=O)C1=C(C(=O)OC)C(=O)C(C(=O)OC)=C(C(=O)OC)C1=O,O=C1C=CC(=O)C=C1,Oxidized,LZMYYVFMLBATPX-UHFFFAOYSA-N,1.04,-66.75
230,,CN(C)c1c2c(cc3ccccc13)=CC(=O)C(=O)C=2,O=C1C=c2cc3ccccc3cc2=CC1=O,Oxidized,PHXPXJIKLHZVPX-UHFFFAOYSA-N,1.04,-45.18
231,,Nc1ccc2cc3c(cc2c1)=CC(=O)C(=O)C=3,O=C1C=c2cc3ccccc3cc2=CC1=O,Oxidized,QUKWJOWOGAHZSL-UHFFFAOYSA-N,1.04,-29.71
232,,O=C1C=c2ccc(Cl)cc2=CC1=O,O=C1C=c2ccccc2=CC1=O,Oxidized,UEFQRWODBWLEGR-UHFFFAOYSA-N,1.04,-36.84
233,,O=C1C=c2ccc(F)cc2=CC1=O,O=C1C=c2ccccc2=CC1=O,Oxidized,VUZZGEOTSOZRPT-UHFFFAOYSA-N,1.04,-54.74
234,,COC(=O)C1=c2cc3c(cc2C=CC1=O)=CC=CC3=O,O=C1C=Cc2cc3c(cc2=C1)C(=O)C=CC=3,Oxidized,WSZKLIGJMXTEGB-UHFFFAOYSA-N,1.04,-39.52
235,,O=C1C=Cc2cc3c(cc2=C1)C=C([N+](=O)[O-])C(=O)C=3,O=C1C=Cc2cc3c(cc2=C1)C=CC(=O)C=3,Oxidized,PCEDLSYZAJRWPD-UHFFFAOYSA-N,1.05,-27.91
236,,C=CC1=c2ccccc2=CC(=O)C1=O,O=C1C=c2ccccc2=CC1=O,Oxidized,SWOXYQADJZYFBP-UHFFFAOYSA-N,1.05,-27.24
237,,O=C1C=c2cccc([SiH3])c2=CC1=O,O=C1C=c2ccccc2=CC1=O,Oxidized,VNBUSZCSVAAKRU-UHFFFAOYSA-N,1.05,-52.53
238,,O=C1C=c2ccc([SiH3])cc2=CC1=O,O=C1C=c2ccccc2=CC1=O,Oxidized,ZCDMZQCFBYUFHB-UHFFFAOYSA-N,1.05,-29.14
239,,O=C1C=c2ccccc2=C([SiH3])C1=O,O=C1C=c2ccccc2=CC1=O,Oxidized,BZFMOAZJWZWAEU-UHFFFAOYSA-N,1.06,-31.89
240,,O=C1C=c2ccccc2=C(F)C1=O,O=C1C=c2ccccc2=CC1=O,Oxidized,DXIOQDGNONUMQP-UHFFFAOYSA-N,1.06,-25.48
241,,O=C1C=CC=C2C=C([N+](=O)[O-])C(=O)C=C12,O=C1C=CC2=CC=CC(=O)C2=C1,Oxidized,IDECQGTUMWHGNN-UHFFFAOYSA-N,1.06,-27.73
242,,O=C(O)C1=CC=c2cc3c(cc2C1=O)=CC=CC3=O,O=C1C=CC=c2cc3c(cc21)=CC=CC3=O,Oxidized,OALQQMNUYIVRBE-UHFFFAOYSA-N,1.06,-38.5
243,,O=C1C=CC2=C([N+](=O)[O-])C(=O)C=CC2=C1,O=C1C=CC2=CC(=O)C=CC2=C1,Oxidized,QISSVFVVRXMOAB-UHFFFAOYSA-N,1.06,-40.2
244,,O=C1C=CC2=CC(=O)C([N+](=O)[O-])=CC2=C1,O=C1C=CC2=CC(=O)C=CC2=C1,Oxidized,UGRWZMSIHAYILC-UHFFFAOYSA-N,1.06,-59.88
245,"2,6-dioxonaphthalene-1-carbaldehyde",O=CC1=C2C=CC(=O)C=C2C=CC1=O,O=C1C=CC2=CC(=O)C=CC2=C1,Oxidized,BSGNPAXRPUCJRL-UHFFFAOYSA-N,1.07,-7.66
246,,O=C1C(C(F)(F)F)=C2C(=O)C(C(F)(F)F)=C(C(F)(F)F)C(C(F)(F)F)=C2C(C(F)(F)F)=C1C(F)(F)F,O=C1C=CC2=CC=CC(=O)C2=C1,Oxidized,CLJVSWKPTSWTHE-UHFFFAOYSA-N,1.07,-262.4
247,,COC(=O)C1=CC=c2cc3c(cc2C1=O)=CC=CC3=O,O=C1C=CC=c2cc3c(cc21)=CC=CC3=O,Oxidized,HUYNEUSIQUWVFN-UHFFFAOYSA-N,1.07,-41.6
248,,O=C1C=c2cccc(F)c2=CC1=O,O=C1C=c2ccccc2=CC1=O,Oxidized,IDIQBBQIHDNBOC-UHFFFAOYSA-N,1.07,-178.62
249,,O=C1C2=C(C(F)(F)F)C(C(F)(F)F)=C(C(F)(F)F)C(=O)C2=C(C(F)(F)F)C(C(F)(F)F)=C1C(F)(F)F,O=C1C=CC=C2C(=O)C=CC=C12,Oxidized,ILNYUAPSFPPEEE-UHFFFAOYSA-N,1.07,-5.83
250,,O=C1C(=O)C(Cl)=c2c(Cl)c(Cl)c(Cl)c(Cl)c2=C1Cl,O=C1C=c2ccccc2=CC1=O,Oxidized,KPZBBCFQEZXECF-UHFFFAOYSA-N,1.07,-29.05
251,,COC(=O)c1ccc2c(c1)=CC(=O)C(=O)C=2,O=C1C=c2ccccc2=CC1=O,Oxidized,NIGBCJYJMLZWJB-UHFFFAOYSA-N,1.07,-35.61
252,,O=C1C(P(=O)(O)O)=C(P(=O)(O)O)C(P(=O)(O)O)=c2c1c(P(=O)(O)O)c1c(c2P(=O)(O)O)C(=O)C(P(=O)(O)O)=C(P(=O)(O)O)C=1P(=O)(O)O,O=C1C=CC=c2cc3c(cc21)=CC=CC3=O,Oxidized,OFSLHVYWTFQNNB-UHFFFAOYSA-N,1.07,-32.63
253,,O=CC1=c2cc3c(cc2C=CC1=O)=CC(=O)C=C3,O=C1C=Cc2cc3c(cc2=C1)C=CC(=O)C=3,Oxidized,UYGWQFWIQJBLHA-UHFFFAOYSA-N,1.07,-47.85
254,,O=CC1=C2C(=O)C=CC=C2C=CC1=O,O=C1C=CC2=CC=CC(=O)C2=C1,Oxidized,AMZSKJPYMZWOTG-UHFFFAOYSA-N,1.08,-55.55
255,,C=Cc1ccc2cc3c(cc2c1)=CC(=O)C(=O)C=3,O=C1C=c2cc3ccccc3cc2=CC1=O,Oxidized,APOZFZYIOCJNAE-UHFFFAOYSA-N,1.08,-65.29
256,"6,7-dioxonaphthalene-2-sulfonic acid",O=C1C=c2ccc(S(=O)(=O)O)cc2=CC1=O,O=C1C=c2ccccc2=CC1=O,Oxidized,DEKHLQILYHNPCD-UHFFFAOYSA-N,1.08,-260.2
257,"5-aminoanthracene-2,3-dione",Nc1cccc2cc3c(cc12)=CC(=O)C(=O)C=3,O=C1C=c2cc3ccccc3cc2=CC1=O,Oxidized,GJDLJUJAQIIGLL-UHFFFAOYSA-N,1.08,-40.16
258,"1-methylanthracene-2,3-dione",CC1=c2cc3ccccc3cc2=CC(=O)C1=O,O=C1C=c2cc3ccccc3cc2=CC1=O,Oxidized,HPQUIIGWMMLEJA-UHFFFAOYSA-N,1.08,-151.95
259,,O=C1C=c2ccccc2=C(Cl)C1=O,O=C1C=c2ccccc2=CC1=O,Oxidized,IONZESFKBRNXAP-UHFFFAOYSA-N,1.08,-43.65
260,,O=C1C=c2ccc(C(=O)O)cc2=CC1=O,O=C1C=c2ccccc2=CC1=O,Oxidized,JWOTYVZTLZVVKI-UHFFFAOYSA-N,1.08,-27.23
261,,O=C1C=Cc2cc3c(cc2=C1[N+](=O)[O-])C(=O)C=CC=3,O=C1C=Cc2cc3c(cc2=C1)C(=O)C=CC=3,Oxidized,KIQXDTXUTPAUBI-UHFFFAOYSA-N,1.08,-47.82
262,,O=Cc1ccc2c(c1)=CC(=O)C(=O)C=2,O=C1C=c2ccccc2=CC1=O,Oxidized,PDPSKIJLEOWEES-UHFFFAOYSA-N,1.08,-45.47
263,,O=C1C=c2cccc(Cl)c2=CC1=O,O=C1C=c2ccccc2=CC1=O,Oxidized,SOZQDQIUDDUQBW-UHFFFAOYSA-N,1.08,-51.58
264,,CN(C)c1cccc2cc3c(cc12)=CC(=O)C(=O)C=3,O=C1C=c2cc3ccccc3cc2=CC1=O,Oxidized,SXQDRLZBUPWKHN-UHFFFAOYSA-N,1.08,-106.45
265,,O=C1C=CC=c2cc3c(cc21)=CC=C([N+](=O)[O-])C3=O,O=C1C=CC=c2cc3c(cc21)=CC=CC3=O,Oxidized,UBEZQYAIFZNMFS-UHFFFAOYSA-N,1.08,-44.55
266,,O=C1C(=O)C(S(=O)(=O)O)=c2c(S(=O)(=O)O)c(S(=O)(=O)O)c(S(=O)(=O)O)c(S(=O)(=O)O)c2=C1S(=O)(=O)O,O=C1C=c2ccccc2=CC1=O,Oxidized,UTGLNCFBNKJXSS-UHFFFAOYSA-N,1.08,-63.63
267,,O=C1C=c2cc3ccc(S)cc3cc2=CC1=O,O=C1C=c2cc3ccccc3cc2=CC1=O,Oxidized,DZFARFKTMHQKRQ-UHFFFAOYSA-N,1.09,-50.57
268,,COC(=O)C1=C(C(=O)OC)c2c(C(=O)OC)c3c(c(C(=O)OC)c2=C(C(=O)OC)C1=O)C(C(=O)OC)=C(C(=O)OC)C(=O)C=3C(=O)OC,O=C1C=Cc2cc3c(cc2=C1)C=CC(=O)C=3,Oxidized,NPUBTEHTKWWNNA-UHFFFAOYSA-N,1.09,-44.44
269,,COc1ccc2cc3c(cc2c1)=CC(=O)C(=O)C=3,O=C1C=c2cc3ccccc3cc2=CC1=O,Oxidized,OSHOESPODXRTNK-UHFFFAOYSA-N,1.09,-43.62
270,,O=C1C=c2cc3ccccc3cc2=C(P(=O)(O)O)C1=O,O=C1C=c2cc3ccccc3cc2=CC1=O,Oxidized,QRGCPLGRWHQXRR-UHFFFAOYSA-N,1.09,-143.02
271,,O=C1C=Cc2cc3c(cc2=C1)C=CC(=O)C=3[N+](=O)[O-],O=C1C=Cc2cc3c(cc2=C1)C=CC(=O)C=3,Oxidized,UAGXUEDPLHBHOL-UHFFFAOYSA-N,1.09,-88.41
272,,O=C1C=c2ccc(C(F)(F)F)cc2=CC1=O,O=C1C=c2ccccc2=CC1=O,Oxidized,YEOZHCXOACZADA-UHFFFAOYSA-N,1.09,-29.09
273,,O=C1C=c2cc3ccc(O)cc3cc2=CC1=O,O=C1C=c2cc3ccccc3cc2=CC1=O,Oxidized,ZZKDXBQSZJDAMZ-UHFFFAOYSA-N,1.09,-82.21
274,,O=CC1=CC=C2C=CC(=O)C=C2C1=O,O=C1C=CC2=CC=CC(=O)C2=C1,Oxidized,HSRJLTXNXRSWDD-UHFFFAOYSA-N,1.1,-87.13
275,,O=CC1=C(C=O)C(C=O)=C2C(C=O)=C(C=O)C(=O)C(C=O)=C2C1=O,O=C1C=CC2=CC=CC(=O)C2=C1,Oxidized,JSYMFDAAGGWLCY-UHFFFAOYSA-N,1.1,-69.52
276,,O=C1C=c2cccc(P(=O)(O)O)c2=CC1=O,O=C1C=c2ccccc2=CC1=O,Oxidized,KFAIJKQBHVGUHI-UHFFFAOYSA-N,1.1,-35.28
277,,O=C1C(=O)C(F)=c2c(F)c(F)c(F)c(F)c2=C1F,O=C1C=c2ccccc2=CC1=O,Oxidized,ROLOEBMRXRFQFZ-UHFFFAOYSA-N,1.1,-166.86
278,,O=C(O)C1=C(C(=O)O)C2=C(C(=O)O)C(=O)C(C(=O)O)=C(C(=O)O)C2=C(C(=O)O)C1=O,O=C1C=CC2=CC(=O)C=CC2=C1,Oxidized,SIMZXMXSBYOJBJ-UHFFFAOYSA-N,1.1,-73.86
279,,COC(=O)C1=CC=C2C(=O)C=CC=C2C1=O,O=C1C=CC=C2C(=O)C=CC=C12,Oxidized,YDJMEOKFZLZDTM-UHFFFAOYSA-N,1.1,-90.31
280,,O=C1C=c2cc3ccccc3c(O)c2=CC1=O,O=C1C=c2cc3ccccc3cc2=CC1=O,Oxidized,YSPRWBUBXPUQIZ-UHFFFAOYSA-N,1.1,-36.8
281,,Cc1ccc2cc3c(cc2c1)=CC(=O)C(=O)C=3,O=C1C=c2cc3ccccc3cc2=CC1=O,Oxidized,ZBTBLKMTXUGLHF-UHFFFAOYSA-N,1.1,-50.86
282,,COC(=O)c1cccc2c1=CC(=O)C(=O)C=2,O=C1C=c2ccccc2=CC1=O,Oxidized,AUHUEAPYMOMSPR-UHFFFAOYSA-N,1.11,-65.75
283,"5,6-dioxocyclohexa-1,3-diene-1-carbaldehyde",O=CC1=CC=CC(=O)C1=O,O=C1C=CC=CC1=O,Oxidized,AVJDOOBJBYUFKI-UHFFFAOYSA-N,1.11,-64.72
284,,COC(=O)C1=C(C(=O)OC)C(C(=O)OC)=C2C(C(=O)OC)=C(C(=O)OC)C(=O)C(C(=O)OC)=C2C1=O,O=C1C=CC2=CC=CC(=O)C2=C1,Oxidized,CTUOKCSHQXVTOA-UHFFFAOYSA-N,1.11,-8.19
285,,O=C1C([N+](=O)[O-])=C([N+](=O)[O-])C(=O)C([N+](=O)[O-])=C1[N+](=O)[O-],O=C1C=CC(=O)C=C1,Oxidized,FQZSAEBDIBDEGW-UHFFFAOYSA-N,1.11,-38.64
286,,COC(=O)C1=C(C(=O)OC)C2=C(C(=O)OC)C(=O)C(C(=O)OC)=C(C(=O)OC)C2=C(C(=O)OC)C1=O,O=C1C=CC2=CC(=O)C=CC2=C1,Oxidized,HPBHTUHSGCSDQL-UHFFFAOYSA-N,1.11,-73.37
287,,N#Cc1ccc2c(c1)=CC(=O)C(=O)C=2,O=C1C=c2ccccc2=CC1=O,Oxidized,JVYNXBWARZDYFF-UHFFFAOYSA-N,1.11,-29.36
288,,Cc1c2c(cc3ccccc13)=CC(=O)C(=O)C=2,O=C1C=c2cc3ccccc3cc2=CC1=O,Oxidized,NMUAGULVYZHXLE-UHFFFAOYSA-N,1.11,-14.08
289,,O=C1C(=O)C(C(F)(F)F)=C(C(F)(F)F)C(C(F)(F)F)=C1C(F)(F)F,O=C1C=CC=CC1=O,Oxidized,SEELRXRWGCCMHV-UHFFFAOYSA-N,1.11,-33.91
290,,Cc1cccc2cc3c(cc12)=CC(=O)C(=O)C=3,O=C1C=c2cc3ccccc3cc2=CC1=O,Oxidized,TVKJFWNPRRNFLB-UHFFFAOYSA-N,1.11,-62.91
291,,O=C1C=c2cccc(C(F)(F)F)c2=CC1=O,O=C1C=c2ccccc2=CC1=O,Oxidized,WNYZXTOLUVPYLJ-UHFFFAOYSA-N,1.11,-45.01
292,,O=C1C=c2cccc(C(=O)O)c2=CC1=O,O=C1C=c2ccccc2=CC1=O,Oxidized,DELOJBDDLQFFHG-UHFFFAOYSA-N,1.12,-69.72
293,,O=C1C=c2cc3cccc(S)c3cc2=CC1=O,O=C1C=c2cc3ccccc3cc2=CC1=O,Oxidized,GOEDMNNFFCUJJL-UHFFFAOYSA-N,1.12,-62.89
294,,O=C1C=c2cc3ccccc3cc2=C(S)C1=O,O=C1C=c2cc3ccccc3cc2=CC1=O,Oxidized,LLZUYQQBTKOIIG-UHFFFAOYSA-N,1.12,-60.74
295,"5,6-dioxocyclohexa-1,3-diene-1,2,3,4-tetracarboxylic acid",O=C(O)C1=C(C(=O)O)C(C(=O)O)=C(C(=O)O)C(=O)C1=O,O=C1C=CC=CC1=O,Oxidized,RSMFTILRHLRSNZ-UHFFFAOYSA-N,1.12,-107.66
296,,C=Cc1cccc2cc3c(cc12)=CC(=O)C(=O)C=3,O=C1C=c2cc3ccccc3cc2=CC1=O,Oxidized,VVLFEFPGIXRGSK-UHFFFAOYSA-N,1.12,-52.71
297,,O=C1C=c2cc3ccccc3c(S)c2=CC1=O,O=C1C=c2cc3ccccc3cc2=CC1=O,Oxidized,VZVRNEXVZBZOSC-UHFFFAOYSA-N,1.12,-38.21
298,,COc1c2c(cc3ccccc13)=CC(=O)C(=O)C=2,O=C1C=c2cc3ccccc3cc2=CC1=O,Oxidized,WWEGVTHTLALZBP-UHFFFAOYSA-N,1.12,-64.6
299,"3-hydroxyanthracene-1,2-dione",O=C1C(=O)c2cc3ccccc3cc2C=C1O,O=C1C=Cc2cc3ccccc3cc2C1=O,Oxidized,JOEUHZFPIWWHTC-UHFFFAOYSA-N,1.12,-62.45
300,,O=C1C=c2cc3cccc(O)c3cc2=CC1=O,O=C1C=c2cc3ccccc3cc2=CC1=O,Oxidized,ZQINKXRZRCPHGF-UHFFFAOYSA-N,1.12,-85.42
301,,O=C1C=Cc2cc3c(cc2=C1)C(=O)C(C(=O)O)=CC=3,O=C1C=Cc2cc3c(cc2=C1)C(=O)C=CC=3,Oxidized,ZQLOZWUMRLOIHD-UHFFFAOYSA-N,1.12,-33.54
302,,COc1cccc2c1=CC(=O)C(=O)C=2,O=C1C=c2ccccc2=CC1=O,Oxidized,AUHQUDGEBIHXMI-UHFFFAOYSA-N,1.13,-70.9
303,,N#CC1=c2ccccc2=CC(=O)C1=O,O=C1C=c2ccccc2=CC1=O,Oxidized,AYXJCDINSQAWGY-UHFFFAOYSA-N,1.13,-34.49
304,,O=C1C=CC=C2C(=O)C([N+](=O)[O-])=CC=C12,O=C1C=CC=C2C(=O)C=CC=C12,Oxidized,CXDUCYHUYKONCD-UHFFFAOYSA-N,1.13,-46.41
305,,COC(=O)C1=C(C(=O)OC)C(C(=O)OC)=c2c(C(=O)OC)c3c(c(C(=O)OC)c2C1=O)=C(C(=O)OC)C(=O)C(C(=O)OC)=C3C(=O)OC,O=C1C=Cc2cc3c(cc2=C1)C(=O)C=CC=3,Oxidized,FKGXLUISRKUFTA-UHFFFAOYSA-N,1.13,-52.04
306,,O=C1C=c2cc3ccc([N+](=O)[O-])cc3cc2=CC1=O,O=C1C=c2cc3ccccc3cc2=CC1=O,Oxidized,GHHSBOQKGMNSCM-UHFFFAOYSA-N,1.13,-62.45
307,,O=C1C=c2cc3ccc(Cl)cc3cc2=CC1=O,O=C1C=c2cc3ccccc3cc2=CC1=O,Oxidized,HNQCBPCNXUNFAT-UHFFFAOYSA-N,1.13,-160.06
308,,C=Cc1c2c(cc3ccccc13)=CC(=O)C(=O)C=2,O=C1C=c2cc3ccccc3cc2=CC1=O,Oxidized,IPBSTJPUJZISBD-UHFFFAOYSA-N,1.13,-42.3
309,,O=C1C=c2cc3ccc([SiH3])cc3cc2=CC1=O,O=C1C=c2cc3ccccc3cc2=CC1=O,Oxidized,JOXJPXYPNCAZCT-UHFFFAOYSA-N,1.13,-35.38
310,"6,7-dioxonaphthalene-1-carbaldehyde",O=Cc1cccc2c1=CC(=O)C(=O)C=2,O=C1C=c2ccccc2=CC1=O,Oxidized,JUYWLXZWJDBGDU-UHFFFAOYSA-N,1.13,-43.42
311,,O=C1C=c2cc3ccc(F)cc3cc2=CC1=O,O=C1C=c2cc3ccccc3cc2=CC1=O,Oxidized,KQNBFFPQZFYIJO-UHFFFAOYSA-N,1.13,-32.03
312,,O=C1C(S(=O)(=O)O)=C(S(=O)(=O)O)c2c(S(=O)(=O)O)c3c(c(S(=O)(=O)O)c2=C1S(=O)(=O)O)C(=O)C(S(=O)(=O)O)=C(S(=O)(=O)O)C=3S(=O)(=O)O,O=C1C=Cc2cc3c(cc2=C1)C(=O)C=CC=3,Oxidized,KQULLDXRCIMLPJ-UHFFFAOYSA-N,1.13,-81.2
313,"methyl 5,6-dioxocyclohexa-1,3-diene-1-carboxylate",COC(=O)C1=CC=CC(=O)C1=O,O=C1C=CC=CC1=O,Oxidized,MXQZGPIJJSPDJK-UHFFFAOYSA-N,1.13,-33.06
314,"6,7-dioxonaphthalene-1-carbonitrile",N#Cc1cccc2c1=CC(=O)C(=O)C=2,O=C1C=c2ccccc2=CC1=O,Oxidized,OAPUXCUFDVVQPL-UHFFFAOYSA-N,1.13,-46.02
315,,C=CC1=c2cc3ccccc3cc2=CC(=O)C1=O,O=C1C=c2cc3ccccc3cc2=CC1=O,Oxidized,OVQWDGSJWVVCPN-UHFFFAOYSA-N,1.13,-36.47
316,,O=C1C=c2cc3cccc([SiH3])c3cc2=CC1=O,O=C1C=c2cc3ccccc3cc2=CC1=O,Oxidized,QSPTVKCOMYZGCS-UHFFFAOYSA-N,1.13,-66.25
317,"anthracene-2,3-dione",O=C1C=c2cc3ccccc3cc2=CC1=O,O=C1C=c2cc3ccccc3cc2=CC1=O,Oxidized,RSAFJKGIUBIAJP-UHFFFAOYSA-N,1.13,-45.2
318,,COC(=O)C1=CC=c2cc3c(cc2C1=O)=CC(=O)C=C3,O=C1C=Cc2cc3c(cc2=C1)C(=O)C=CC=3,Oxidized,SWOBTRASEXQNKX-UHFFFAOYSA-N,1.13,-12.05
319,,O=C(O)C1=c2ccccc2=CC(=O)C1=O,O=C1C=c2ccccc2=CC1=O,Oxidized,ZKBXUGMWCDGCIX-UHFFFAOYSA-N,1.13,-63.1
320,,O=C1C=c2cccc(S(=O)(=O)O)c2=CC1=O,O=C1C=c2ccccc2=CC1=O,Oxidized,HNTXHRKQTONCFU-UHFFFAOYSA-N,1.14,-6.38
321,,O=C1C=c2cc3ccc(S(=O)(=O)O)cc3cc2=CC1=O,O=C1C=c2cc3ccccc3cc2=CC1=O,Oxidized,IPTOLRNITPWSRZ-UHFFFAOYSA-N,1.14,-37.02
322,,O=C1C([N+](=O)[O-])=C([N+](=O)[O-])C([N+](=O)[O-])=c2c1c([N+](=O)[O-])c1c(c2[N+](=O)[O-])C(=O)C([N+](=O)[O-])=C([N+](=O)[O-])C=1[N+](=O)[O-],O=C1C=CC=c2cc3c(cc21)=CC=CC3=O,Oxidized,IVRQYOJKKMOYIH-UHFFFAOYSA-N,1.14,-63.48
323,"6-nitronaphthalene-2,3-dione",O=C1C=c2ccc([N+](=O)[O-])cc2=CC1=O,O=C1C=c2ccccc2=CC1=O,Oxidized,LPZWLEALNDNEIJ-UHFFFAOYSA-N,1.14,-56.68
324,,O=CC1=c2c(C=O)c(C=O)c(C=O)c(C=O)c2=C(C=O)C(=O)C1=O,O=C1C=c2ccccc2=CC1=O,Oxidized,ONBPLZGQHZNUEI-UHFFFAOYSA-N,1.14,-27.98
325,,O=C1C=c2cc3ccccc3cc2=C(F)C1=O,O=C1C=c2cc3ccccc3cc2=CC1=O,Oxidized,QJZQEDCMTZOVAA-UHFFFAOYSA-N,1.14,-39.96
326,,O=C1C=c2cc3ccccc3c([SiH3])c2=CC1=O,O=C1C=c2cc3ccccc3cc2=CC1=O,Oxidized,QQTOLZBNWJAZPB-UHFFFAOYSA-N,1.14,-60.62
327,"5,6-dioxocyclohexa-1,3-diene-1,2,3,4-tetracarbonitrile",N#CC1=C(C#N)C(C#N)=C(C#N)C(=O)C1=O,O=C1C=CC=CC1=O,Oxidized,RPQBRFHUSRAFEF-UHFFFAOYSA-N,1.14,-69.19
328,,O=C1C(=O)C(F)=c2c(F)c3c(F)c(F)c(F)c(F)c3c(F)c2=C1F,O=C1C=c2cc3ccccc3cc2=CC1=O,Oxidized,DVZNNBCEVVMTSZ-UHFFFAOYSA-N,1.15,-46.24
329,,O=C1C=c2cc3cccc(S(=O)(=O)O)c3cc2=CC1=O,O=C1C=c2cc3ccccc3cc2=CC1=O,Oxidized,GBEJEVKRFROWNW-UHFFFAOYSA-N,1.15,-42.94
330,,COC(=O)c1c2c(cc3ccccc13)=CC(=O)C(=O)C=2,O=C1C=c2cc3ccccc3cc2=CC1=O,Oxidized,IAWPZNJLHVSPKK-UHFFFAOYSA-N,1.15,-28.71
331,,O=C1C=c2cc3ccccc3cc2=C([SiH3])C1=O,O=C1C=c2cc3ccccc3cc2=CC1=O,Oxidized,IEUCDBIKMDPMAG-UHFFFAOYSA-N,1.15,-45.47
332,,O=C1C=c2cc3cccc(Cl)c3cc2=CC1=O,O=C1C=c2cc3ccccc3cc2=CC1=O,Oxidized,IVKNKYWIYMABOV-UHFFFAOYSA-N,1.15,-84.2
333,,COC(=O)c1cccc2cc3c(cc12)=CC(=O)C(=O)C=3,O=C1C=c2cc3ccccc3cc2=CC1=O,Oxidized,MWAQZIBCUCYJHZ-UHFFFAOYSA-N,1.15,-11.36
334,,COC(=O)C1=CC=C2C=CC(=O)C=C2C1=O,O=C1C=CC2=CC=CC(=O)C2=C1,Oxidized,NWCCQVZSANVFHR-UHFFFAOYSA-N,1.15,-39.22
335,,O=C1C=c2cc3ccc(P(=O)(O)O)cc3cc2=CC1=O,O=C1C=c2cc3ccccc3cc2=CC1=O,Oxidized,PBNRWOMQWIMYAI-UHFFFAOYSA-N,1.15,-32.21
336,,COC(=O)c1ccc2cc3c(cc2c1)=CC(=O)C(=O)C=3,O=C1C=c2cc3ccccc3cc2=CC1=O,Oxidized,PDCVORMBAXTQIR-UHFFFAOYSA-N,1.15,-41.25
337,,O=C1C=c2cc3cccc(F)c3cc2=CC1=O,O=C1C=c2cc3ccccc3cc2=CC1=O,Oxidized,ROWDNXVZSQIUBA-UHFFFAOYSA-N,1.15,-8.43
338,,O=C1C(=O)C(Cl)=c2c(Cl)c3c(Cl)c(Cl)c(Cl)c(Cl)c3c(Cl)c2=C1Cl,O=C1C=c2cc3ccccc3cc2=CC1=O,Oxidized,UEFDSYQZUFHUCI-UHFFFAOYSA-N,1.15,-42.21
339,,O=C1C=c2cc3ccccc3c(F)c2=CC1=O,O=C1C=c2cc3ccccc3cc2=CC1=O,Oxidized,VLYZDQDIAMNHQH-UHFFFAOYSA-N,1.15,-95.9
340,,O=Cc1ccc2cc3c(cc2c1)=CC(=O)C(=O)C=3,O=C1C=c2cc3ccccc3cc2=CC1=O,Oxidized,ZYWSNXYGHQWKTQ-UHFFFAOYSA-N,1.15,-18.27
341,,O=C1C=c2cccc([N+](=O)[O-])c2=CC1=O,O=C1C=c2ccccc2=CC1=O,Oxidized,COIKHTPLJRCNSI-UHFFFAOYSA-N,1.16,-48.56
342,,O=C1C=Cc2cc3c(cc2=C1)C(=O)C([N+](=O)[O-])=CC=3,O=C1C=Cc2cc3c(cc2=C1)C(=O)C=CC=3,Oxidized,CPRDEXAMNJECLK-UHFFFAOYSA-N,1.16,-74.49
343,"1-chloroanthracene-2,3-dione",O=C1C=c2cc3ccccc3cc2=C(Cl)C1=O,O=C1C=c2cc3ccccc3cc2=CC1=O,Oxidized,DZJZRAFOVKPHSL-UHFFFAOYSA-N,1.16,-56.78
344,,O=C(O)C1=C(C(=O)O)c2c(C(=O)O)c3c(c(C(=O)O)c2=C(C(=O)O)C1=O)C(C(=O)O)=C(C(=O)O)C(=O)C=3C(=O)O,O=C1C=Cc2cc3c(cc2=C1)C=CC(=O)C=3,Oxidized,ODLJWWLEMIILSP-UHFFFAOYSA-N,1.16,-67.94
345,,O=C1C=c2cc3ccc(C(=O)O)cc3cc2=CC1=O,O=C1C=c2cc3ccccc3cc2=CC1=O,Oxidized,QJSSGPUHYFIIGX-UHFFFAOYSA-N,1.16,-6.9
346,,O=C1C=c2cc3ccccc3c(Cl)c2=CC1=O,O=C1C=c2cc3ccccc3cc2=CC1=O,Oxidized,TYSYATNVKWBANT-UHFFFAOYSA-N,1.16,-218.3
347,,O=C1C=c2cc3cccc(C(=O)O)c3cc2=CC1=O,O=C1C=c2cc3ccccc3cc2=CC1=O,Oxidized,YXCDUDGKLPWXIW-UHFFFAOYSA-N,1.16,-38.96
348,,O=C1C=c2cc3ccc(C(F)(F)F)cc3cc2=CC1=O,O=C1C=c2cc3ccccc3cc2=CC1=O,Oxidized,BCPMLJQTHXONJT-UHFFFAOYSA-N,1.17,-34.09
349,,O=C1C(C(F)(F)F)=C(C(F)(F)F)c2c(C(F)(F)F)c3c(c(C(F)(F)F)c2=C1C(F)(F)F)C(C(F)(F)F)=C(C(F)(F)F)C(=O)C=3C(F)(F)F,O=C1C=Cc2cc3c(cc2=C1)C=CC(=O)C=3,Oxidized,LTGHNPGAJAKGRI-UHFFFAOYSA-N,1.17,-6.4
350,,O=Cc1cccc2cc3c(cc12)=CC(=O)C(=O)C=3,O=C1C=c2cc3ccccc3cc2=CC1=O,Oxidized,MNFVJUUAYPWHLZ-UHFFFAOYSA-N,1.17,-33.43
351,,O=C1C=c2cc3cccc(C(F)(F)F)c3cc2=CC1=O,O=C1C=c2cc3ccccc3cc2=CC1=O,Oxidized,PXCSBSMMVAJDLG-UHFFFAOYSA-N,1.17,-47.6
352,,O=C1C(C(F)(F)F)=C(C(F)(F)F)c2c(C(F)(F)F)c3c(c(C(F)(F)F)c2=C1C(F)(F)F)C(=O)C(C(F)(F)F)=C(C(F)(F)F)C=3C(F)(F)F,O=C1C=Cc2cc3c(cc2=C1)C(=O)C=CC=3,Oxidized,QKKYRSAQQVVYKN-UHFFFAOYSA-N,1.17,-28.93
353,,O=C1C=c2ccccc2=C(C(F)(F)F)C1=O,O=C1C=c2ccccc2=CC1=O,Oxidized,SUCXBJXGEMXCLZ-UHFFFAOYSA-N,1.17,-33.54
354,"3-nitrocyclohexa-3,5-diene-1,2-dione",O=C1C=CC=C([N+](=O)[O-])C1=O,O=C1C=CC=CC1=O,Oxidized,VINJDUJBNHSQQV-UHFFFAOYSA-N,1.17,-11.26
355,,O=C1C2=C(S(=O)(=O)O)C(S(=O)(=O)O)=C(S(=O)(=O)O)C(=O)C2=C(S(=O)(=O)O)C(S(=O)(=O)O)=C1S(=O)(=O)O,O=C1C=CC=C2C(=O)C=CC=C12,Oxidized,GBHJYROIHARNII-UHFFFAOYSA-N,1.18,-196.21
356,,O=C1C=c2ccccc2=C(P(=O)(O)O)C1=O,O=C1C=c2ccccc2=CC1=O,Oxidized,KKRLFDBZNKSBHX-UHFFFAOYSA-N,1.18,-55.05
357,,O=CC1=c2cc3c(cc2C=CC1=O)=CC=CC3=O,O=C1C=Cc2cc3c(cc2=C1)C(=O)C=CC=3,Oxidized,MQSNTOZFUUGXKE-UHFFFAOYSA-N,1.18,-38.11
358,,O=C1C=CC2=CC=C([N+](=O)[O-])C(=O)C2=C1,O=C1C=CC2=CC=CC(=O)C2=C1,Oxidized,ZYGWQZGHAWUODI-UHFFFAOYSA-N,1.18,-80.13
359,"2,3-dioxonaphthalene-1-sulfonic acid",O=C1C=c2ccccc2=C(S(=O)(=O)O)C1=O,O=C1C=c2ccccc2=CC1=O,Oxidized,GZHOTSCDAQCXHW-UHFFFAOYSA-N,1.19,-81.85
360,,N#Cc1cccc2cc3c(cc12)=CC(=O)C(=O)C=3,O=C1C=c2cc3ccccc3cc2=CC1=O,Oxidized,JLOBJUXFCLHZFE-UHFFFAOYSA-N,1.19,-97.33
361,,O=C1C=c2cc3cccc(P(=O)(O)O)c3cc2=CC1=O,O=C1C=c2cc3ccccc3cc2=CC1=O,Oxidized,MQOXCNMYLMIEGT-UHFFFAOYSA-N,1.19,-76.44
362,,N#CC1=C(C#N)C(C#N)=C2C(=O)C(C#N)=C(C#N)C(C#N)=C2C1=O,O=C1C=CC=C2C(=O)C=CC=C12,Oxidized,PWRNKRXVPPMAHD-UHFFFAOYSA-N,1.19,-70.76
363,,O=CC1=C(C=O)C(C=O)=C(C=O)C(=O)C1=O,O=C1C=CC=CC1=O,Oxidized,RHWGPEPJNHMPED-UHFFFAOYSA-N,1.19,-80.9
364,,N#Cc1ccc2cc3c(cc2c1)=CC(=O)C(=O)C=3,O=C1C=c2cc3ccccc3cc2=CC1=O,Oxidized,XNTLWSHNNIUBGM-UHFFFAOYSA-N,1.19,-54.1
365,"2,3-dioxoanthracene-1-carboxylic acid",O=C(O)C1=c2cc3ccccc3cc2=CC(=O)C1=O,O=C1C=c2cc3ccccc3cc2=CC1=O,Oxidized,YJVNWGJNDIKQMN-UHFFFAOYSA-N,1.19,-47.99
366,"3,4,5,6-tetranitrocyclohexa-3,5-diene-1,2-dione",O=C1C(=O)C([N+](=O)[O-])=C([N+](=O)[O-])C([N+](=O)[O-])=C1[N+](=O)[O-],O=C1C=CC=CC1=O,Oxidized,ZBFFUUGKKJLULN-UHFFFAOYSA-N,1.19,-63.15
367,,O=CC1=C(C=O)C2=C(C=O)C(=O)C(C=O)=C(C=O)C2=C(C=O)C1=O,O=C1C=CC2=CC(=O)C=CC2=C1,Oxidized,ZDZKNMQPAOQRBF-UHFFFAOYSA-N,1.19,-16.68
368,,O=C1C=c2cc3ccccc3c(C(F)(F)F)c2=CC1=O,O=C1C=c2cc3ccccc3cc2=CC1=O,Oxidized,FHOOYBCCCOKMFH-UHFFFAOYSA-N,1.2,-32.5
369,,N#CC1=c2cc3ccccc3cc2=CC(=O)C1=O,O=C1C=c2cc3ccccc3cc2=CC1=O,Oxidized,NUMHTHQYZBHPDD-UHFFFAOYSA-N,1.2,-43.6
370,,N#CC1=C(C#N)C(C#N)=c2c(C#N)c3c(c(C#N)c2C1=O)=C(C#N)C(C#N)=C(C#N)C3=O,O=C1C=CC=c2cc3c(cc21)=CC=CC3=O,Oxidized,ULGKXMBQDRYSCD-UHFFFAOYSA-N,1.2,-109.74
371,,O=C1C=c2cc3cccc([N+](=O)[O-])c3cc2=CC1=O,O=C1C=c2cc3ccccc3cc2=CC1=O,Oxidized,WPMDGYAFXUAJAN-UHFFFAOYSA-N,1.2,-35.22
372,,O=C1C=c2cc3ccccc3c(C(=O)O)c2=CC1=O,O=C1C=c2cc3ccccc3cc2=CC1=O,Oxidized,ZEYGFUXCWLKYFH-UHFFFAOYSA-N,1.2,-61.58
373,,N#Cc1c2c(cc3ccccc13)=CC(=O)C(=O)C=2,O=C1C=c2cc3ccccc3cc2=CC1=O,Oxidized,HBCZJZBMFGBPLV-UHFFFAOYSA-N,1.21,-25.5
374,,COC(=O)C1=C(C(=O)OC)C(C(=O)OC)=C(C(=O)OC)C(=O)C1=O,O=C1C=CC=CC1=O,Oxidized,IPILGGUIXDUOKY-UHFFFAOYSA-N,1.21,-46.14
375,,O=C(O)C1=C(C(=O)O)C(C(=O)O)=C2C(C(=O)O)=C(C(=O)O)C(=O)C(C(=O)O)=C2C1=O,O=C1C=CC2=CC=CC(=O)C2=C1,Oxidized,UMKHVHOZGSDXOR-UHFFFAOYSA-N,1.21,-163.4
376,,O=C1C=c2cc3ccccc3c([N+](=O)[O-])c2=CC1=O,O=C1C=c2cc3ccccc3cc2=CC1=O,Oxidized,GBFDPMQEMAWQKX-UHFFFAOYSA-N,1.22,-40.04
377,,O=Cc1c2c(cc3ccccc13)=CC(=O)C(=O)C=2,O=C1C=c2cc3ccccc3cc2=CC1=O,Oxidized,PQSBFAQRWSKUSJ-UHFFFAOYSA-N,1.22,-47.33
378,,O=C1C(=O)C(P(=O)(O)O)=C(P(=O)(O)O)C(P(=O)(O)O)=C1P(=O)(O)O,O=C1C=CC=CC1=O,Oxidized,MMBDIGDEYMLNGA-UHFFFAOYSA-N,1.23,-168.34
379,,O=C1C=c2cc3ccccc3c(S(=O)(=O)O)c2=CC1=O,O=C1C=c2cc3ccccc3cc2=CC1=O,Oxidized,XNEYGEBAMPJCJQ-UHFFFAOYSA-N,1.23,-64.72
380,,N#CC1=C(C#N)C(C#N)=C2C(C#N)=C(C#N)C(=O)C(C#N)=C2C1=O,O=C1C=CC2=CC=CC(=O)C2=C1,Oxidized,SPXYRIUGBCZCOY-UHFFFAOYSA-N,1.24,-61.35
381,,O=C1C([N+](=O)[O-])=C([N+](=O)[O-])c2c([N+](=O)[O-])c3c(c([N+](=O)[O-])c2=C1[N+](=O)[O-])C(=O)C([N+](=O)[O-])=C([N+](=O)[O-])C=3[N+](=O)[O-],O=C1C=Cc2cc3c(cc2=C1)C(=O)C=CC=3,Oxidized,ISUDRSYNKCXKHL-UHFFFAOYSA-N,1.25,-27.03
382,,O=C1C=c2cc3ccccc3cc2=C(C(F)(F)F)C1=O,O=C1C=c2cc3ccccc3cc2=CC1=O,Oxidized,UTSYYVLGROQKPE-UHFFFAOYSA-N,1.25,-33.79
383,"3,7-dioxonaphthalene-1,2,4,5,6,8-hexacarbonitrile",N#CC1=C(C#N)C2=C(C#N)C(=O)C(C#N)=C(C#N)C2=C(C#N)C1=O,O=C1C=CC2=CC(=O)C=CC2=C1,Oxidized,CXZSTLFUFDXNAQ-UHFFFAOYSA-N,1.26,-21.59
384,,O=C1C([N+](=O)[O-])=C2C(=O)C([N+](=O)[O-])=C([N+](=O)[O-])C([N+](=O)[O-])=C2C([N+](=O)[O-])=C1[N+](=O)[O-],O=C1C=CC2=CC=CC(=O)C2=C1,Oxidized,IYOJCQFOJDKFOC-UHFFFAOYSA-N,1.26,-82.25
385,,O=C1C(=O)C(C(F)(F)F)=c2c(C(F)(F)F)c(C(F)(F)F)c(C(F)(F)F)c(C(F)(F)F)c2=C1C(F)(F)F,O=C1C=c2ccccc2=CC1=O,Oxidized,NCRDAPCHYFHPBB-UHFFFAOYSA-N,1.27,-152.43
386,,O=C1C=c2cc3ccccc3c(P(=O)(O)O)c2=CC1=O,O=C1C=c2cc3ccccc3cc2=CC1=O,Oxidized,PYUBMDJBRGFVAH-UHFFFAOYSA-N,1.27,-90.17
387,,O=C1C(S(=O)(=O)O)=C(S(=O)(=O)O)c2c(S(=O)(=O)O)c3c(c(S(=O)(=O)O)c2=C1S(=O)(=O)O)C(S(=O)(=O)O)=C(S(=O)(=O)O)C(=O)C=3S(=O)(=O)O,O=C1C=Cc2cc3c(cc2=C1)C=CC(=O)C=3,Oxidized,YDYWIOWLVDLLQA-UHFFFAOYSA-N,1.27,-8.59
388,,N#CC1=C(C#N)C(C#N)=c2c(C#N)c3c(c(C#N)c2C1=O)=C(C#N)C(=O)C(C#N)=C3C#N,O=C1C=Cc2cc3c(cc2=C1)C(=O)C=CC=3,Oxidized,JZZBGLMIZSWWHS-UHFFFAOYSA-N,1.28,-61.13
389,,COC(=O)C1=c2c(C(=O)OC)c(C(=O)OC)c(C(=O)OC)c(C(=O)OC)c2=C(C(=O)OC)C(=O)C1=O,O=C1C=c2ccccc2=CC1=O,Oxidized,SXHZPPYYQCIAKF-UHFFFAOYSA-N,1.28,-108.27
390,,COC(=O)C1=c2cc3ccccc3cc2=CC(=O)C1=O,O=C1C=c2cc3ccccc3cc2=CC1=O,Oxidized,FOOVAJSXARLJDB-UHFFFAOYSA-N,1.29,-36.72
391,,COC(=O)C1=c2ccccc2=CC(=O)C1=O,O=C1C=c2ccccc2=CC1=O,Oxidized,ZULCLUVUWHPBRH-UHFFFAOYSA-N,1.29,-39.85
392,"2,3-dioxonaphthalene-1-carbaldehyde",O=CC1=c2ccccc2=CC(=O)C1=O,O=C1C=c2ccccc2=CC1=O,Oxidized,OMBBMLUJVDVDJX-UHFFFAOYSA-N,1.3,-152.58
393,,O=C(O)C1=c2c(C(=O)O)c(C(=O)O)c(C(=O)O)c(C(=O)O)c2=C(C(=O)O)C(=O)C1=O,O=C1C=c2ccccc2=CC1=O,Oxidized,WPDLHAIDAPLJCJ-UHFFFAOYSA-N,1.3,-36.05
394,,O=C1C=c2ccccc2=C([N+](=O)[O-])C1=O,O=C1C=c2ccccc2=CC1=O,Oxidized,QWYKRSQYYUEBMO-UHFFFAOYSA-N,1.31,-34.16
395,"3,6-dioxocyclohexa-1,4-diene-1,2,4,5-tetrasulfonic acid",O=C1C(S(=O)(=O)O)=C(S(=O)(=O)O)C(=O)C(S(=O)(=O)O)=C1S(=O)(=O)O,O=C1C=CC(=O)C=C1,Oxidized,DWCYYPSNUFVAOL-UHFFFAOYSA-N,1.32,-21.56
396,,O=C1C2=C([N+](=O)[O-])C([N+](=O)[O-])=C([N+](=O)[O-])C(=O)C2=C([N+](=O)[O-])C([N+](=O)[O-])=C1[N+](=O)[O-],O=C1C=CC=C2C(=O)C=CC=C12,Oxidized,ZJHKALKFEHPIJB-UHFFFAOYSA-N,1.32,-96.55
397,,O=CC1=C(C=O)C(=O)C(C=O)=C(C=O)C1=O,O=C1C=CC(=O)C=C1,Oxidized,FRUSQATUPJEZGB-UHFFFAOYSA-N,1.34,-46.79
398,,O=CC1=c2cc3ccccc3cc2=CC(=O)C1=O,O=C1C=c2cc3ccccc3cc2=CC1=O,Oxidized,XQQWJRNDVPXHSF-UHFFFAOYSA-N,1.36,-43.77
399,,O=C1C([N+](=O)[O-])=C2C(=C([N+](=O)[O-])C(=O)C([N+](=O)[O-])=C2[N+](=O)[O-])C([N+](=O)[O-])=C1[N+](=O)[O-],O=C1C=CC2=CC(=O)C=CC2=C1,Oxidized,VCTHFHDJCMSVQG-UHFFFAOYSA-N,1.38,-18.68
400,,O=CC1=C(C=O)c2c(C=O)c3c(c(C=O)c2=C(C=O)C1=O)C(C=O)=C(C=O)C(=O)C=3C=O,O=C1C=Cc2cc3c(cc2=C1)C=CC(=O)C=3,Oxidized,ZCEIZFFIFCUCEN-UHFFFAOYSA-N,1.4,-92.83
401,,N#CC1=c2c(C#N)c(C#N)c(C#N)c(C#N)c2=C(C#N)C(=O)C1=O,O=C1C=c2ccccc2=CC1=O,Oxidized,WAZAHUBOBODQEZ-UHFFFAOYSA-N,1.41,-82.23
402,"1-nitroanthracene-2,3-dione",O=C1C=c2cc3ccccc3cc2=C([N+](=O)[O-])C1=O,O=C1C=c2cc3ccccc3cc2=CC1=O,Oxidized,YPHXZCJHNLYOEO-UHFFFAOYSA-N,1.41,-38.08
403,,O=CC1=C(C=O)C(C=O)=c2c(C=O)c3c(c(C=O)c2C1=O)=C(C=O)C(=O)C(C=O)=C3C=O,O=C1C=Cc2cc3c(cc2=C1)C(=O)C=CC=3,Oxidized,CCXILTOKTCWIJN-UHFFFAOYSA-N,1.42,-80.28
404,,N#CC1=C(C#N)c2c(C#N)c3c(c(C#N)c2=C(C#N)C1=O)C(C#N)=C(C#N)C(=O)C=3C#N,O=C1C=Cc2cc3c(cc2=C1)C=CC(=O)C=3,Oxidized,LMUDQNWEDDKHRP-UHFFFAOYSA-N,1.44,-119.3
405,,N#CC1=c2c(C#N)c3c(C#N)c(C#N)c(C#N)c(C#N)c3c(C#N)c2=C([N+](=O)[O-])C(=O)C1=O,O=C1C=c2cc3ccccc3cc2=CC1=O,Oxidized,BLPFBQCUDSYLPM-UHFFFAOYSA-N,1.49,-100.91
406,,O=C1C([N+](=O)[O-])=C([N+](=O)[O-])c2c([N+](=O)[O-])c3c(c([N+](=O)[O-])c2=C1[N+](=O)[O-])C([N+](=O)[O-])=C([N+](=O)[O-])C(=O)C=3[N+](=O)[O-],O=C1C=Cc2cc3c(cc2=C1)C=CC(=O)C=3,Oxidized,UZTZAXSJMXMYEQ-UHFFFAOYSA-N,1.55,-28.48
407,,O=C1C(=O)C([N+](=O)[O-])=c2c([N+](=O)[O-])c([N+](=O)[O-])c([N+](=O)[O-])c([N+](=O)[O-])c2=C1[N+](=O)[O-],O=C1C=c2ccccc2=CC1=O,Oxidized,LNTHUHOEJIKJKT-UHFFFAOYSA-N,1.57,-23.6
408,,O=C1C(S(=O)(=O)O)=C(S(=O)(=O)O)C(S(=O)(=O)O)=c2c1c(S(=O)(=O)O)c1c(c2S(=O)(=O)O)C(=O)C(S(=O)(=O)O)=C(S(=O)(=O)O)C=1S(=O)(=O)O,O=C1C=CC=c2cc3c(cc21)=CC=CC3=O,Oxidized,NADHPCFAMCVQBP-UHFFFAOYSA-N,1.64,-191.41
